ID;rna_file;rna_lib_type;rna_batch;pair;mother;sex;date_birth;remark;year;timepoint_sample;sample_collection_date;sample_collection_Dec_days;delta_days_samples;age_days;tissue;colony;life_history_stage
F1;F1_FWB_mum_start_2018B;DNBSEQ Transcriptome;F20FTSEUHT1199_ARCuueE;F1_C1;NA;F;NA;NA;2018_2019;1;10-12-2018;10;0;NA;blood;FWB;Mother
C1;C1_FWB_pup_start_2018A;DNBSEQ Transcriptome;F20FTSEUHT1199_ARCcdmE;F1_C1;F1;M;NA;NA;2018_2019;1;10-12-2018;10;0;2to5;blood;FWB;Pup
F1;F1_FWB_mum_end_2018B;DNBSEQ Transcriptome;F20FTSEUHT1199_ARCcdmE;F1_C1;NA;F;NA;NA;2018_2019;2;02-02-2019;64;54;NA;blood;FWB;Mother
C1;C1_FWB_pup_end_2018B;DNBSEQ Transcriptome;F20FTSEUHT1199_ARCcdmE;F1_C1;F1;M;NA;not sure about delta days;2018_2019;2;02-02-2019;64;54;57;blood;FWB;Pup
F11;F11_FWB_mum_start_2018B;DNBSEQ Transcriptome;F20FTSEUHT1199_ARCcdmE;F11_C11;NA;F;NA;NA;2018_2019;1;18-12-2018;18;0;NA;blood;FWB;Mother
C11;C11_FWB_pup_start_2018B;DNBSEQ Transcriptome;F20FTSEUHT1199_ARCcdmE;F11_C11;F11;F;NA;NA;2018_2019;1;18-12-2018;18;0;2to5;blood;FWB;Pup
F11;F11_FWB_mum_end_2018B;DNBSEQ Transcriptome;F20FTSEUHT1199_ARCcdmE;F11_C11;NA;F;NA;NA;2018_2019;2;23-01-2019;54;36;NA;blood;FWB;Mother
F14;F14_FWB_mum_start_2018B;DNBSEQ Transcriptome;F20FTSEUHT1199_ARCcdmE;F14_C14;NA;F;NA;NA;2018_2019;1;20-12-2018;20;0;NA;blood;FWB;Mother
C14;C14_FWB_pup_start_2018B;DNBSEQ Transcriptome;F20FTSEUHT1199_ARCutzE;F14_C14;F14;M;NA;NA;2018_2019;1;20-12-2018;20;0;2to5;blood;FWB;Pup
F14;F14_FWB_mum_end_2018B;DNBSEQ Transcriptome;F20FTSEUHT1199_ARCcdmE;F14_C14;NA;F;NA;NA;2018_2019;2;07-02-2019;69;49;NA;blood;FWB;Mother
C14;C14_FWB_pup_end_2018B;DNBSEQ Transcriptome;F20FTSEUHT1199_ARCcdmE;F14_C14;F14;M;NA;not sure about delta days;2018_2019;2;07-02-2019;69;49;52;blood;FWB;Pup
F15;F15_FWB_mum_start_2018B;DNBSEQ Transcriptome;F20FTSEUHT1199_ARCcdmE;F15_C15;NA;F;NA;NA;2018_2019;1;20-12-2018;20;0;NA;blood;FWB;Mother
C15;C15_FWB_pup_start_2018B;DNBSEQ Transcriptome;F20FTSEUHT1199_ARCcdmE;F15_C15;F15;M;NA;NA;2018_2019;1;20-12-2018;20;0;2to5;blood;FWB;Pup
F15;F15_FWB_mum_end_2018B;DNBSEQ Transcriptome;F20FTSEUHT1199_ARCcdmE;F15_C15;NA;F;NA;NA;2018_2019;2;23-01-2019;54;34;NA;blood;FWB;Mother
F16;F16_FWB_mum_start_2018B;DNBSEQ Transcriptome;F20FTSEUHT1199_ARCutzE;F16_C16;NA;F;NA;NA;2018_2019;1;20-12-2018;20;0;NA;blood;FWB;Mother
C16;C16_FWB_pup_start_2018B;DNBSEQ Transcriptome;F20FTSEUHT1199_ARCuueE;F16_C16;F16;M;NA;NA;2018_2019;1;20-12-2018;20;0;2to5;blood;FWB;Pup
F16;F16_FWB_mum_end_2018B;DNBSEQ Transcriptome;F20FTSEUHT1199_ARCcdmE;F16_C16;NA;F;NA;NA;2018_2019;2;29-01-2019;60;40;NA;blood;FWB;Mother
F17;F17_FWB_mum_start_2018B;DNBSEQ Transcriptome;F20FTSEUHT1199_ARCcdmE;F17_C17;NA;F;NA;NA;2018_2019;1;20-12-2018;20;0;NA;blood;FWB;Mother
C17;C17_FWB_pup_start_2018B;DNBSEQ Transcriptome;F20FTSEUHT1199_ARCcdmE;F17_C17;F17;M;NA;NA;2018_2019;1;20-12-2018;20;0;2to5;blood;FWB;Pup
F17;F17_FWB_mum_end_2018B;DNBSEQ Transcriptome;F20FTSEUHT1199_ARCutzE;F17_C17;NA;F;NA;NA;2018_2019;2;11-02-2019;73;53;NA;blood;FWB;Mother
C17;C17_FWB_pup_end_2018B;DNBSEQ Transcriptome;F20FTSEUHT1199_ARCcdmE;F17_C17;F17;M;NA;not sure about delta days;2018_2019;2;11-02-2019;73;53;56;blood;FWB;Pup
F18;F18_FWB_mum_start_2018B;DNBSEQ Transcriptome;F20FTSEUHT1199_ARCcdmE;F18_C18;NA;F;NA;NA;2018_2019;1;20-12-2018;20;0;NA;blood;FWB;Mother
C18;C18_FWB_pup_start_2018B;DNBSEQ Transcriptome;F20FTSEUHT1199_ARCutzE;F18_C18;F18;F;NA;NA;2018_2019;1;20-12-2018;20;0;2to5;blood;FWB;Pup
F18;F18_FWB_mum_end_2018B;DNBSEQ Transcriptome;F20FTSEUHT1199_ARCokaE;F18_C18;NA;F;NA;NA;2018_2019;2;11-02-2019;73;53;NA;blood;FWB;Mother
C18;C18_FWB_pup_end_2018B;DNBSEQ Transcriptome;F20FTSEUHT1199_ARCcdmE;F18_C18;F18;F;NA;not sure about delta days;2018_2019;2;11-02-2019;73;53;56;blood;FWB;Pup
F19;F19_FWB_mum_start_2018B;DNBSEQ Transcriptome;F20FTSEUHT1199_ARCuueE;F19_C19;NA;F;NA;NA;2018_2019;1;20-12-2018;20;0;NA;blood;FWB;Mother
C19;C19_FWB_pup_start_2018B;DNBSEQ Transcriptome;F20FTSEUHT1199_ARCcdmE;F19_C19;F19;F;NA;NA;2018_2019;1;20-12-2018;20;0;2to5;blood;FWB;Pup
F19;F19_FWB_mum_end_2018B;DNBSEQ Transcriptome;F20FTSEUHT1199_ARCcdmE;F19_C19;NA;F;NA;NA;2018_2019;2;05-02-2019;67;47;NA;blood;FWB;Mother
C19;C19_FWB_pup_end_2018B;DNBSEQ Transcriptome;F20FTSEUHT1199_ARCcdmE;F19_C19;F19;F;NA;not sure about delta days;2018_2019;2;05-02-2019;67;47;50;blood;FWB;Pup
F21;F21_FWB_mum_start_2018;BGISEQ-500 Transcriptome;F20FTSEUHT0820_ARCbfrE;F21_C21;NA;F;NA;NA;2018_2019;1;21-12-2018;21;0;NA;blood;FWB;Mother
C21;C21_FWB_pup_start_2018;BGISEQ-500 Transcriptome;F20FTSEUHT0820_ARCbfrE;F21_C21;F21;M;NA;NA;2018_2019;1;21-12-2018;21;0;2to5;blood;FWB;Pup
F24;F24_FWB_mum_start_2018B;DNBSEQ Transcriptome;F20FTSEUHT1199_ARCcdmE;F24_C24;NA;F;NA;NA;2018_2019;1;21-12-2018;21;0;NA;blood;FWB;Mother
C24;C24_FWB_pup_start_2018B;DNBSEQ Transcriptome;F20FTSEUHT1199_ARCcdmE;F24_C24;F24;M;NA;NA;2018_2019;1;21-12-2018;21;0;2to5;blood;FWB;Pup
F24;F24_FWB_mum_end_2018B;DNBSEQ Transcriptome;F20FTSEUHT1199_ARCcdmE;F24_C24;NA;F;NA;NA;2018_2019;2;17-02-2019;79;58;NA;blood;FWB;Mother
C24;C24_FWB_pup_end_2018B;DNBSEQ Transcriptome;F20FTSEUHT1199_ARCcdmE;F24_C24;F24;M;NA;not sure about delta days;2018_2019;2;17-02-2019;79;58;61;blood;FWB;Pup
F5;F5_FWB_mum_start_2018B;DNBSEQ Transcriptome;F20FTSEUHT1199_ARCcdmE;F5_C5;NA;F;NA;NA;2018_2019;1;14-12-2018;14;0;NA;blood;FWB;Mother
C5;C5_FWB_pup_start_2018B;DNBSEQ Transcriptome;F20FTSEUHT1199_ARCutzE;F5_C5;F5;M;NA;NA;2018_2019;1;14-12-2018;14;0;2to5;blood;FWB;Pup
F5;F5_FWB_mum_end_2018B;DNBSEQ Transcriptome;F20FTSEUHT1199_ARCcdmE;F5_C5;NA;F;NA;NA;2018_2019;2;09-02-2019;71;57;NA;blood;FWB;Mother
C5;C5_FWB_pup_end_2018B;DNBSEQ Transcriptome;F20FTSEUHT1199_ARCuueE;F5_C5;F5;M;NA;not sure about delta days;2018_2019;2;09-02-2019;71;57;60;blood;FWB;Pup
F6;F6_FWB_mum_start_2018B;DNBSEQ Transcriptome;F20FTSEUHT1199_ARCcdmE;F6_C6;NA;F;NA;NA;2018_2019;1;15-12-2018;15;0;NA;blood;FWB;Mother
C6;C6_FWB_pup_start_2018B;DNBSEQ Transcriptome;F20FTSEUHT1199_ARCcdmE;F6_C6;F6;F;NA;NA;2018_2019;1;15-12-2018;15;0;2to5;blood;FWB;Pup
F6;F6_FWB_mum_end_2018B;DNBSEQ Transcriptome;F20FTSEUHT1199_ARCcdmE;F6_C6;NA;F;NA;NA;2018_2019;2;06-02-2019;68;53;NA;blood;FWB;Mother
C6;C6_FWB_pup_end_2018B;DNBSEQ Transcriptome;F20FTSEUHT1199_ARCcdmE;F6_C6;F6;F;NA;not sure about delta days;2018_2019;2;06-02-2019;68;53;56;blood;FWB;Pup
F7;F7_FWB_mum_start_2018B;DNBSEQ Transcriptome;F20FTSEUHT1199_ARCcdmE;F7_C7;NA;F;NA;NA;2018_2019;1;17-12-2018;17;0;NA;blood;FWB;Mother
C7;C7_FWB_pup_start_2018B;DNBSEQ Transcriptome;F20FTSEUHT1199_ARCcdmE;F7_C7;F7;M;NA;not sure about age;2018_2019;1;17-12-2018;17;0;2to5;blood;FWB;Pup
F7;F7_FWB_mum_end_2018B;DNBSEQ Transcriptome;F20FTSEUHT1199_ARCcdmE;F7_C7;NA;F;NA;NA;2018_2019;2;16-02-2019;78;61;NA;blood;FWB;Mother
C7;C7_FWB_pup_end_2018B;DNBSEQ Transcriptome;F20FTSEUHT1199_ARCcdmE;F7_C7;F7;M;NA;not sure about age;2018_2019;2;16-02-2019;78;61;64;blood;FWB;Pup
F8;F8_FWB_mum_start_2018B;DNBSEQ Transcriptome;F20FTSEUHT1199_ARCcdmE;F8_C8;NA;F;NA;NA;2018_2019;1;17-12-2018;17;0;NA;blood;FWB;Mother
C8;C8_FWB_pup_start_2018B;DNBSEQ Transcriptome;F20FTSEUHT1199_ARCcdmE;F8_C8;F8;M;NA;NA;2018_2019;1;17-12-2018;17;0;2to5;blood;FWB;Pup
F8;F8_FWB_mum_end_2018B;DNBSEQ Transcriptome;F20FTSEUHT1199_ARCcdmE;F8_C8;NA;F;NA;NA;2018_2019;2;07-02-2019;69;52;NA;blood;FWB;Mother
C8;C8_FWB_pup_end_2018B;DNBSEQ Transcriptome;F20FTSEUHT1199_ARCutzE;F8_C8;F8;M;NA;not sure about delta days;2018_2019;2;07-02-2019;69;52;55;blood;FWB;Pup
F9;F9_FWB_mum_start_2018B;DNBSEQ Transcriptome;F20FTSEUHT1199_ARCutzE;F9_C9;NA;F;NA;NA;2018_2019;1;17-12-2018;17;0;NA;blood;FWB;Mother
C9;C9_FWB_pup_start_2018B;DNBSEQ Transcriptome;F20FTSEUHT1199_ARCcdmE;F9_C9;F9;M;NA;NA;2018_2019;1;17-12-2018;17;0;2to5;blood;FWB;Pup
F9;F9_FWB_mum_end_2018B;DNBSEQ Transcriptome;F20FTSEUHT1199_ARCutzE;F9_C9;NA;F;NA;NA;2018_2019;2;06-02-2019;68;51;NA;blood;FWB;Mother
C9;C9_FWB_pup_end_2018B;DNBSEQ Transcriptome;F20FTSEUHT1199_ARCcdmE;F9_C9;F9;M;NA;not sure about delta days;2018_2019;2;06-02-2019;68;51;54;blood;FWB;Pup
FWB10;FWB10_FWB_mum_start_2019B;DNBSEQ Transcriptome;F20FTSEUHT1199_ARCutzE;FWB10_N10;NA;F;NA;NA;2019_2020;1;11-12-2019;11;0;NA;blood;FWB;Mother
N10;N10_FWB_pup_start_2019B;DNBSEQ Transcriptome;F20FTSEUHT1199_ARCcdmE;FWB10_N10;FWB10;F;NA;NA;2019_2020;1;11-12-2019;11;0;2to5;blood;FWB;Pup
FWB10;FWB10_FWB_mum_end_2019B;DNBSEQ Transcriptome;F20FTSEUHT1199_ARCcdmE;FWB10_N10;NA;F;NA;NA;2019_2020;2;16-02-2020;78;67;NA;blood;FWB;Mother
N10;N10_FWB_pup_end_2019B;DNBSEQ Transcriptome;F20FTSEUHT1199_ARCutzE;FWB10_N10;FWB10;F;NA;not sure about delta days;2019_2020;2;16-02-2020;78;67;70;blood;FWB;Pup
FWB12;FWB12_FWB_mum_start_2019B;DNBSEQ Transcriptome;F20FTSEUHT1199_ARCokaE;FWB12_N12;NA;F;NA;NA;2019_2020;1;18-12-2019;18;0;NA;blood;FWB;Mother
N12;N12_FWB_pup_start_2019B;DNBSEQ Transcriptome;F20FTSEUHT1199_ARCcdmE;FWB12_N12;FWB12;F;NA;NA;2019_2020;1;11-12-2019;11;0;2to5;blood;FWB;Pup
FWB12;FWB12_FWB_mum_end_2019B;DNBSEQ Transcriptome;F20FTSEUHT1199_ARCcdmE;FWB12_N12;NA;F;NA;NA;2019_2020;2;19-02-2020;81;63;NA;blood;FWB;Mother
N12;N12_FWB_pup_end_2019B;DNBSEQ Transcriptome;F20FTSEUHT1199_ARCcdmE;FWB12_N12;FWB12;F;NA;not sure about delta days;2019_2020;2;19-02-2020;81;70;73;blood;FWB;Pup
FWB14;FWB14_FWB_mum_start_2019B;DNBSEQ Transcriptome;F20FTSEUHT1199_ARCcdmE;FWB14_N14;NA;F;NA;NA;2019_2020;1;12-12-2019;12;0;NA;blood;FWB;Mother
N14;N14_FWB_pup_start_2019B;DNBSEQ Transcriptome;F20FTSEUHT1199_ARCcdmE;FWB14_N14;FWB14;F;NA;NA;2019_2020;1;12-12-2019;12;0;2to5;blood;FWB;Pup
FWB14;FWB14_FWB_mum_end_2019B;DNBSEQ Transcriptome;F20FTSEUHT1199_ARCcdmE;FWB14_N14;NA;F;NA;NA;2019_2020;2;27-02-2020;89;77;NA;blood;FWB;Mother
N14;N14_FWB_pup_end_2019B;DNBSEQ Transcriptome;F20FTSEUHT1199_ARCcdmE;FWB14_N14;FWB14;F;NA;not sure about delta days;2019_2020;2;27-02-2020;89;77;80;blood;FWB;Pup
FWB15;FWB15_FWB_mum_start_2019B;DNBSEQ Transcriptome;F20FTSEUHT1199_ARCcdmE;FWB15_N15;NA;F;NA;NA;2019_2020;1;12-12-2019;12;0;NA;blood;FWB;Mother
N15;N15_FWB_pup_start_2019B;DNBSEQ Transcriptome;F20FTSEUHT1199_ARCcdmE;FWB15_N15;FWB15;M;NA;NA;2019_2020;1;12-12-2019;12;0;2to5;blood;FWB;Pup
FWB15;FWB15_FWB_mum_end_2019B;DNBSEQ Transcriptome;F20FTSEUHT1199_ARCcdmE;FWB15_N15;NA;F;NA;NA;2019_2020;2;17-02-2020;79;67;NA;blood;FWB;Mother
N15;N15_FWB_pup_end_2019B;DNBSEQ Transcriptome;F20FTSEUHT1199_ARCcdmE;FWB15_N15;FWB15;M;NA;not sure about delta days;2019_2020;2;17-02-2020;79;67;70;blood;FWB;Pup
FWB17;FWB17_FWB_mum_start_2019B;DNBSEQ Transcriptome;F20FTSEUHT1199_ARCcdmE;FWB17_N17;NA;F;NA;NA;2019_2020;1;12-12-2019;12;0;NA;blood;FWB;Mother
N17;N17_FWB_pup_start_2019B;DNBSEQ Transcriptome;F20FTSEUHT1199_ARCcdmE;FWB17_N17;FWB17;M;NA;NA;2019_2020;1;12-12-2019;12;0;2to5;blood;FWB;Pup
FWB17;FWB17_FWB_mum_end_2019B;DNBSEQ Transcriptome;F20FTSEUHT1199_ARCcdmE;FWB17_N17;NA;F;NA;NA;2019_2020;2;06-02-2020;68;56;NA;blood;FWB;Mother
FWB19;FWB19_FWB_mum_start_2019B;DNBSEQ Transcriptome;F20FTSEUHT1199_ARCutzE;FWB19_N19;NA;F;NA;NA;2019_2020;1;18-12-2019;18;0;NA;blood;FWB;Mother
N19;N19_FWB_pup_start_2019B;DNBSEQ Transcriptome;F20FTSEUHT1199_ARCokaE;FWB19_N19;FWB19;F;NA;NA;2019_2020;1;18-12-2019;18;0;2to5;blood;FWB;Pup
FWB19;FWB19_FWB_mum_end_2019B;DNBSEQ Transcriptome;F20FTSEUHT1199_ARCuueE;FWB19_N19;NA;F;NA;NA;2019_2020;2;19-02-2020;81;63;NA;blood;FWB;Mother
N19;N19_FWB_pup_end_2019B;DNBSEQ Transcriptome;F20FTSEUHT1199_ARCcdmE;FWB19_N19;FWB19;F;NA;not sure about delta days;2019_2020;2;19-02-2020;81;63;66;blood;FWB;Pup
FWB21;FWB21_FWB_mum_start_2019B;DNBSEQ Transcriptome;F20FTSEUHT1199_ARCcdmE;FWB21_N21;NA;F;NA;NA;2019_2020;1;20-12-2019;20;0;NA;blood;FWB;Mother
N21;N21_FWB_pup_start_2019B;DNBSEQ Transcriptome;F20FTSEUHT1199_ARCcdmE;FWB21_N21;FWB21;M;NA;NA;2019_2020;1;20-12-2019;20;0;2to5;blood;FWB;Pup
FWB21;FWB21_FWB_mum_end_2019B;DNBSEQ Transcriptome;F20FTSEUHT1199_ARCuueE;FWB21_N21;NA;F;NA;NA;2019_2020;2;17-02-2020;79;59;NA;blood;FWB;Mother
FWB22;FWB22_FWB_mum_start_2019B;DNBSEQ Transcriptome;F20FTSEUHT1199_ARCcdmE;FWB22_N22;NA;F;NA;NA;2019_2020;1;20-12-2019;20;0;NA;blood;FWB;Mother
N22;N22_FWB_pup_start_2019B;DNBSEQ Transcriptome;F20FTSEUHT1199_ARCcdmE;FWB22_N22;FWB22;F;NA;NA;2019_2020;1;20-12-2019;20;0;2to5;blood;FWB;Pup
FWB22;FWB22_FWB_mum_end_2019B;DNBSEQ Transcriptome;F20FTSEUHT1199_ARCcdmE;FWB22_N22;NA;F;NA;NA;2019_2020;2;22-02-2020;84;64;NA;blood;FWB;Mother
N22;N22_FWB_pup_end_2019B;DNBSEQ Transcriptome;F20FTSEUHT1199_ARCcdmE;FWB22_N22;FWB22;F;NA;not sure about delta days;2019_2020;2;22-02-2020;84;64;67;blood;FWB;Pup
FWB23;FWB23_FWB_mum_start_2019B;DNBSEQ Transcriptome;F20FTSEUHT1199_ARCcdmE;FWB23_N23;NA;F;NA;NA;2019_2020;1;20-12-2019;20;0;NA;blood;FWB;Mother
FWB23;FWB23_FWB_mum_end_2019B;DNBSEQ Transcriptome;F20FTSEUHT1199_ARCcdmE;FWB23_N23;NA;F;NA;NA;2019_2020;2;18-01-2020;49;29;NA;blood;FWB;Mother
FWB24;FWB24_FWB_mum_start_2019B;DNBSEQ Transcriptome;F20FTSEUHT1199_ARCcdmE;FWB24_N24;NA;F;NA;NA;2019_2020;1;20-12-2019;20;0;NA;blood;FWB;Mother
N24;N24_FWB_pup_start_2019B;DNBSEQ Transcriptome;F20FTSEUHT1199_ARCcdmE;FWB24_N24;FWB24;M;NA;NA;2019_2020;1;20-12-2019;20;0;2to5;blood;FWB;Pup
FWB24;FWB24_FWB_mum_end_2019B;DNBSEQ Transcriptome;F20FTSEUHT1199_ARCcdmE;FWB24_N24;NA;F;NA;NA;2019_2020;2;19-03-2020;110;90;NA;blood;FWB;Mother
N24;N24_FWB_pup_end_2019B;DNBSEQ Transcriptome;F20FTSEUHT1199_ARCcdmE;FWB24_N24;FWB24;M;NA;not sure about delta days;2019_2020;2;19-03-2020;110;90;93;blood;FWB;Pup
FWB4;FWB4_FWB_mum_start_2019B;DNBSEQ Transcriptome;F20FTSEUHT1199_ARCcdmE;FWB4_N4;NA;F;NA;NA;2019_2020;1;10-12-2019;10;0;NA;blood;FWB;Mother
N4;N4_FWB_pup_start_2019B;DNBSEQ Transcriptome;F20FTSEUHT1199_ARCcdmE;FWB4_N4;FWB4;M;NA;not sure about age;2019_2020;1;10-12-2019;10;0;NA;blood;FWB;Pup
FWB4;FWB4_FWB_mum_end_2019B;DNBSEQ Transcriptome;F20FTSEUHT1199_ARCcdmE;FWB4_N4;NA;F;NA;NA;2019_2020;2;12-02-2020;74;64;NA;blood;FWB;Mother
N4;N4_FWB_pup_end_2019B;DNBSEQ Transcriptome;F20FTSEUHT1199_ARCcdmE;FWB4_N4;FWB4;M;NA;not sure about age;2019_2020;2;12-02-2020;74;64;64;blood;FWB;Pup
FWB5;FWB5_FWB_mum_start_2019B;DNBSEQ Transcriptome;F20FTSEUHT1199_ARCcdmE;FWB5_N5;NA;F;NA;NA;2019_2020;1;10-12-2019;10;0;NA;blood;FWB;Mother
N5;N5_FWB_pup_start_2019B;DNBSEQ Transcriptome;F20FTSEUHT1199_ARCcdmE;FWB5_N5;FWB5;M;NA;NA;2019_2020;1;10-12-2019;10;0;2to5;blood;FWB;Pup
FWB5;FWB5_FWB_mum_end_2019B;DNBSEQ Transcriptome;F20FTSEUHT1199_ARCcdmE;FWB5_N5;NA;F;NA;NA;2019_2020;2;21-02-2020;83;73;NA;blood;FWB;Mother
N5;N5_FWB_pup_end_2019B;DNBSEQ Transcriptome;F20FTSEUHT1199_ARCcdmE;FWB5_N5;FWB5;M;NA;not sure about delta days;2019_2020;2;21-02-2020;83;73;76;blood;FWB;Pup
FWB6;FWB6_FWB_mum_start_2019B;DNBSEQ Transcriptome;F20FTSEUHT1199_ARCcdmE;FWB6_N6;NA;F;NA;NA;2019_2020;1;10-12-2019;10;0;NA;blood;FWB;Mother
N6;N6_FWB_pup_start_2019B;DNBSEQ Transcriptome;F20FTSEUHT1199_ARCcdmE;FWB6_N6;FWB6;M;NA;NA;2019_2020;1;10-12-2019;10;0;2to5;blood;FWB;Pup
FWB6;FWB6_FWB_mum_end_2019B;DNBSEQ Transcriptome;F20FTSEUHT1199_ARCcdmE;FWB6_N6;NA;F;NA;NA;2019_2020;2;10-02-2020;72;62;NA;blood;FWB;Mother
N6;N6_FWB_pup_end_2019B;DNBSEQ Transcriptome;F20FTSEUHT1199_ARCcdmE;FWB6_N6;FWB6;M;NA;not sure about delta days;2019_2020;2;10-02-2020;72;62;65;blood;FWB;Pup
FWB8;FWB8_FWB_mum_start_2019B;DNBSEQ Transcriptome;F20FTSEUHT1199_ARCcdmE;FWB8_N8;NA;F;NA;NA;2019_2020;1;10-12-2019;10;0;NA;blood;FWB;Mother
N8;N8_FWB_pup_start_2019B;DNBSEQ Transcriptome;F20FTSEUHT1199_ARCcdmE;FWB8_N8;FWB8;M;NA;NA;2019_2020;1;10-12-2019;10;0;2to5;blood;FWB;Pup
FWB8;FWB8_FWB_mum_end_2019B;DNBSEQ Transcriptome;F20FTSEUHT1199_ARCcdmE;FWB8_N8;NA;F;NA;NA;2019_2020;2;17-02-2020;79;69;NA;blood;FWB;Mother
N8;N8_FWB_pup_end_2019B;DNBSEQ Transcriptome;F20FTSEUHT1199_ARCcdmE;FWB8_N8;FWB8;M;NA;not sure about delta days;2019_2020;2;17-02-2020;79;69;72;blood;FWB;Pup
S14;S14_SSB_mum_start_2018B;DNBSEQ Transcriptome;F20FTSEUHT1199_ARCcdmE;S14_H13;NA;F;NA;NA;2018_2019;1;12-12-2018;12;0;NA;blood;SSB;Mother
H13;H13_SSB_pup_start_2018B;DNBSEQ Transcriptome;F20FTSEUHT1199_ARCcdmE;S14_H13;S14;M;10-12-2018;NA;2018_2019;1;12-12-2018;12;0;2;blood;SSB;Pup
S14;S14_SSB_mum_end_2018B;DNBSEQ Transcriptome;F20FTSEUHT1199_ARCcdmE;S14_H13;NA;F;NA;NA;2018_2019;2;08-02-2019;70;58;NA;blood;SSB;Mother
H13;H13_SSB_pup_end_2018B;DNBSEQ Transcriptome;F20FTSEUHT1199_ARCuueE;S14_H13;S14;M;10-12-2018;NA;2018_2019;2;08-02-2019;70;58;60;blood;SSB;Pup
S15;S15_SSB_mum_start_2018B;DNBSEQ Transcriptome;F20FTSEUHT1199_ARCokaE;S15_H14;NA;F;NA;NA;2018_2019;1;13-12-2018;13;0;NA;blood;SSB;Mother
H14;H14_SSB_pup_start_2018B;DNBSEQ Transcriptome;F20FTSEUHT1199_ARCcdmE;S15_H14;S15;M;11-12-2018;NA;2018_2019;1;13-12-2018;13;0;2;blood;SSB;Pup
S15;S15_SSB_mum_end_2018B;DNBSEQ Transcriptome;F20FTSEUHT1199_ARCcdmE;S15_H14;NA;F;NA;NA;2018_2019;2;07-02-2019;69;56;NA;blood;SSB;Mother
H14;H14_SSB_pup_end_2018B;DNBSEQ Transcriptome;F20FTSEUHT1199_ARCutzE;S15_H14;S15;M;11-12-2018;NA;2018_2019;2;07-02-2019;69;56;58;blood;SSB;Pup
S16;S16_SSB_mum_end_2018;BGISEQ-500 Transcriptome;F20FTSEUHT0820_ARCbfrE;S16_H15;NA;F;NA;NA;2018_2019;2;07-02-2019;69;NA;NA;blood;SSB;Mother
H15;H15_SSB_pup_end_2018;BGISEQ-500 Transcriptome;F20FTSEUHT0820_ARCbfrE;S16_H15;S16;F;10-12-2018;NA;2018_2019;2;07-02-2019;69;56;59;blood;SSB;Pup
S17;S17_SSB_mum_start_2018B;DNBSEQ Transcriptome;F20FTSEUHT1199_ARCuueE;S17_H16;NA;F;NA;NA;2018_2019;1;14-12-2018;14;0;NA;blood;SSB;Mother
H16;H16_SSB_pup_start_2018B;DNBSEQ Transcriptome;F20FTSEUHT1199_ARCcdmE;S17_H16;S17;F;11-12-2018;NA;2018_2019;1;14-12-2018;14;0;3;blood;SSB;Pup
S17;S17_SSB_mum_end_2018B;DNBSEQ Transcriptome;F20FTSEUHT1199_ARCcdmE;S17_H16;NA;F;NA;NA;2018_2019;2;15-02-2019;77;63;NA;blood;SSB;Mother
H16;H16_SSB_pup_end_2018B;DNBSEQ Transcriptome;F20FTSEUHT1199_ARCuueE;S17_H16;S17;F;11-12-2018;NA;2018_2019;2;16-02-2019;78;64;67;blood;SSB;Pup
S18;S18_SSB_mum_start_2018B;DNBSEQ Transcriptome;F20FTSEUHT1199_ARCcdmE;S18_H17;NA;F;NA;NA;2018_2019;1;15-12-2018;15;0;NA;blood;SSB;Mother
H17;H17_SSB_pup_start_2018B;DNBSEQ Transcriptome;F20FTSEUHT1199_ARCcdmE;S18_H17;S18;F;12-12-2018;NA;2018_2019;1;15-12-2018;15;0;3;blood;SSB;Pup
S18;S18_SSB_mum_end_2018B;DNBSEQ Transcriptome;F20FTSEUHT1199_ARCcdmE;S18_H17;NA;F;NA;NA;2018_2019;2;12-02-2019;74;59;NA;blood;SSB;Mother
H17;H17_SSB_pup_end_2018B;DNBSEQ Transcriptome;F20FTSEUHT1199_ARCokaE;S18_H17;S18;F;12-12-2018;NA;2018_2019;2;12-02-2019;74;59;62;blood;SSB;Pup
S19;S19_SSB_mum_start_2018B;DNBSEQ Transcriptome;F20FTSEUHT1199_ARCcdmE;S19_H18;NA;F;NA;NA;2018_2019;1;16-12-2018;16;0;NA;blood;SSB;Mother
H18;H18_SSB_pup_start_2018B;DNBSEQ Transcriptome;F20FTSEUHT1199_ARCcdmE;S19_H18;S19;M;14-12-2018;NA;2018_2019;1;16-12-2018;16;0;2;blood;SSB;Pup
S19;S19_SSB_mum_end_2018B;DNBSEQ Transcriptome;F20FTSEUHT1199_ARCcdmE;S19_H18;NA;F;NA;NA;2018_2019;2;13-02-2019;75;59;NA;blood;SSB;Mother
H18;H18_SSB_pup_end_2018B;DNBSEQ Transcriptome;F20FTSEUHT1199_ARCcdmE;S19_H18;S19;M;14-12-2018;NA;2018_2019;2;13-02-2019;75;59;61;blood;SSB;Pup
S2;S2_SSB_mum_start_2018B;DNBSEQ Transcriptome;F20FTSEUHT1199_ARCcdmE;S2_H3;NA;F;NA;NA;2018_2019;1;05-12-2018;5;0;NA;blood;SSB;Mother
H3;H3_SSB_pup_start_2018B;DNBSEQ Transcriptome;F20FTSEUHT1199_ARCuueE;S2_H3;S2;F;03-12-2018;NA;2018_2019;1;05-12-2018;5;0;2;blood;SSB;Pup
S2;S2_SSB_mum_end_2018B;DNBSEQ Transcriptome;F20FTSEUHT1199_ARCcdmE;S2_H3;NA;F;NA;NA;2018_2019;2;06-02-2019;68;63;NA;blood;SSB;Mother
H3;H3_SSB_pup_end_2018B;DNBSEQ Transcriptome;F20FTSEUHT1199_ARCutzE;S2_H3;S2;F;03-12-2018;NA;2018_2019;2;06-02-2019;68;63;65;blood;SSB;Pup
S20;S20_SSB_mum_start_2018B;DNBSEQ Transcriptome;F20FTSEUHT1199_ARCuueE;S20_H19;NA;F;NA;NA;2018_2019;1;16-12-2018;16;0;NA;blood;SSB;Mother
H19;H19_SSB_pup_start_2018B;DNBSEQ Transcriptome;F20FTSEUHT1199_ARCutzE;S20_H19;S20;F;14-12-2018;NA;2018_2019;1;16-12-2018;16;0;2;blood;SSB;Pup
H19;H19_SSB_pup_end_2018B;DNBSEQ Transcriptome;F20FTSEUHT1199_ARCutzE;S20_H19;S20;F;14-12-2018;NA;2018_2019;2;30-01-2019;61;45;47;blood;SSB;Pup
S20;S20_SSB_mum_end_2018B;DNBSEQ Transcriptome;F20FTSEUHT1199_ARCcdmE;S20_H19;NA;F;NA;NA;2018_2019;2;30-01-2019;61;45;NA;blood;SSB;Mother
S21;S21_SSB_mum_start_2018B;DNBSEQ Transcriptome;F20FTSEUHT1199_ARCcdmE;S21_H20;NA;F;NA;NA;2018_2019;1;23-12-2018;23;0;NA;blood;SSB;Mother
H20;H20_SSB_pup_start_2018B;DNBSEQ Transcriptome;F20FTSEUHT1199_ARCcdmE;S21_H20;S21;M;20-12-2018;NA;2018_2019;1;23-12-2018;23;0;3;blood;SSB;Pup
S21;S21_SSB_mum_end_2018B;DNBSEQ Transcriptome;F20FTSEUHT1199_ARCuueE;S21_H20;NA;F;NA;NA;2018_2019;2;15-02-2019;77;54;NA;blood;SSB;Mother
H20;H20_SSB_pup_end_2018B;DNBSEQ Transcriptome;F20FTSEUHT1199_ARCcdmE;S21_H20;S21;M;20-12-2018;NA;2018_2019;2;15-02-2019;77;54;57;blood;SSB;Pup
S23;S23_SSB_mum_start_2018B;DNBSEQ Transcriptome;F20FTSEUHT1199_ARCcdmE;S23_H22;NA;F;NA;NA;2018_2019;1;25-12-2018;25;0;NA;blood;SSB;Mother
H22;H22_SSB_pup_start_2018B;DNBSEQ Transcriptome;F20FTSEUHT1199_ARCcdmE;S23_H22;S23;F;22-12-2018;NA;2018_2019;1;25-12-2018;25;0;3;blood;SSB;Pup
S23;S23_SSB_mum_end_2018B;DNBSEQ Transcriptome;F20FTSEUHT1199_ARCcdmE;S23_H22;NA;F;NA;NA;2018_2019;2;11-02-2019;73;48;NA;blood;SSB;Mother
H22;H22_SSB_pup_end_2018B;DNBSEQ Transcriptome;F20FTSEUHT1199_ARCcdmE;S23_H22;S23;F;22-12-2018;NA;2018_2019;2;11-02-2019;73;48;51;blood;SSB;Pup
S6;S6_SSB_mum_start_2018B;DNBSEQ Transcriptome;F20FTSEUHT1199_ARCcdmE;S6_H6;NA;F;NA;NA;2018_2019;1;07-12-2018;7;0;NA;blood;SSB;Mother
H6;H6_SSB_pup_start_2018B;DNBSEQ Transcriptome;F20FTSEUHT1199_ARCcdmE;S6_H6;S6;M;04-12-2018;NA;2018_2019;1;07-12-2018;7;0;3;blood;SSB;Pup
H6;H6_SSB_pup_end_2018B;DNBSEQ Transcriptome;F20FTSEUHT1199_ARCcdmE;S6_H6;S6;M;04-12-2018;NA;2018_2019;2;03-02-2019;65;58;61;blood;SSB;Pup
S6;S6_SSB_mum_end_2018B;DNBSEQ Transcriptome;F20FTSEUHT1199_ARCutzE;S6_H6;NA;F;NA;NA;2018_2019;2;03-02-2019;65;58;NA;blood;SSB;Mother
S7;S7_SSB_mum_start_2018B;DNBSEQ Transcriptome;F20FTSEUHT1199_ARCcdmE;S7_H7;NA;F;NA;NA;2018_2019;1;08-12-2018;8;0;NA;blood;SSB;Mother
H7;H7_SSB_pup_start_2018B;DNBSEQ Transcriptome;F20FTSEUHT1199_ARCcdmE;S7_H7;S7;F;05-12-2018;NA;2018_2019;1;08-12-2018;8;0;3;blood;SSB;Pup
S7;S7_SSB_mum_end_2018B;DNBSEQ Transcriptome;F20FTSEUHT1199_ARCcdmE;S7_H7;NA;F;NA;NA;2018_2019;2;11-02-2019;73;65;NA;blood;SSB;Mother
H7;H7_SSB_pup_end_2018B;DNBSEQ Transcriptome;F20FTSEUHT1199_ARCcdmE;S7_H7;S7;F;05-12-2018;NA;2018_2019;2;11-02-2019;73;65;68;blood;SSB;Pup
S9;S9_SSB_mum_start_2018B;DNBSEQ Transcriptome;F20FTSEUHT1199_ARCcdmE;S9_H8;NA;F;NA;NA;2018_2019;1;09-12-2018;9;0;NA;blood;SSB;Mother
H8;H8_SSB_pup_start_2018B;DNBSEQ Transcriptome;F20FTSEUHT1199_ARCcdmE;S9_H8;S9;M;05-12-2018;NA;2018_2019;1;09-12-2018;9;0;4;blood;SSB;Pup
S9;S9_SSB_mum_end_2018B;DNBSEQ Transcriptome;F20FTSEUHT1199_ARCcdmE;S9_H8;NA;F;NA;NA;2018_2019;2;19-02-2019;81;72;NA;blood;SSB;Mother
H8;H8_SSB_pup_end_2018B;DNBSEQ Transcriptome;F20FTSEUHT1199_ARCcdmE;S9_H8;S9;M;05-12-2018;NA;2018_2019;2;19-02-2019;81;72;76;blood;SSB;Pup
SSB15;SSB15_SSB_mum_start_2019B;DNBSEQ Transcriptome;F20FTSEUHT1199_ARCcdmE;SSB15_T15;NA;F;NA;NA;2019_2020;1;11-12-2019;11;0;NA;blood;SSB;Mother
T15;T15_SSB_pup_start_2019B;DNBSEQ Transcriptome;F20FTSEUHT1199_ARCcdmE;SSB15_T15;SSB15;F;08-12-2019;NA;2019_2020;1;11-12-2019;11;0;3;blood;SSB;Pup
SSB15;SSB15_SSB_mum_end_2019B;DNBSEQ Transcriptome;F20FTSEUHT1199_ARCcdmE;SSB15_T15;NA;F;NA;NA;2019_2020;2;10-02-2020;72;61;NA;blood;SSB;Mother
T15;T15_SSB_pup_end_2019B;DNBSEQ Transcriptome;F20FTSEUHT1199_ARCokaE;SSB15_T15;SSB15;F;08-12-2019;NA;2019_2020;2;10-02-2020;72;61;64;blood;SSB;Pup
SSB16;SSB16_SSB_mum_start_2019B;DNBSEQ Transcriptome;F20FTSEUHT1199_ARCutzE;SSB16_T16;NA;F;NA;NA;2019_2020;1;16-12-2019;16;0;NA;blood;SSB;Mother
T16;T16_SSB_pup_start_2019B;DNBSEQ Transcriptome;F20FTSEUHT1199_ARCcdmE;SSB16_T16;SSB16;M;12-12-2019;NA;2019_2020;1;16-12-2019;16;0;4;blood;SSB;Pup
SSB16;SSB16_SSB_mum_end_2019B;DNBSEQ Transcriptome;F20FTSEUHT1199_ARCcdmE;SSB16_T16;NA;F;NA;NA;2019_2020;2;23-02-2020;85;69;NA;blood;SSB;Mother
T16;T16_SSB_pup_end_2019B;DNBSEQ Transcriptome;F20FTSEUHT1199_ARCcdmE;SSB16_T16;SSB16;M;12-12-2019;NA;2019_2020;2;23-02-2020;85;69;73;blood;SSB;Pup
SSB2;SSB2_SSB_mum_start_2019B;DNBSEQ Transcriptome;F20FTSEUHT1199_ARCcdmE;SSB2_T2;NA;F;NA;NA;2019_2020;1;02-12-2019;2;0;NA;blood;SSB;Mother
T2;T2_SSB_pup_start_2019B;DNBSEQ Transcriptome;F20FTSEUHT1199_ARCutzE;SSB2_T2;SSB2;F;28-11-2019;NA;2019_2020;1;02-12-2019;2;0;4;blood;SSB;Pup
SSB2;SSB2_SSB_mum_end_2019B;DNBSEQ Transcriptome;F20FTSEUHT1199_ARCcdmE;SSB2_T2;NA;F;NA;NA;2019_2020;2;04-02-2020;66;64;NA;blood;SSB;Mother
T2;T2_SSB_pup_end_2019B;DNBSEQ Transcriptome;F20FTSEUHT1199_ARCcdmE;SSB2_T2;SSB2;F;28-11-2019;NA;2019_2020;2;04-02-2020;66;64;68;blood;SSB;Pup
SSB20;SSB20_SSB_mum_start_2019B;DNBSEQ Transcriptome;F20FTSEUHT1199_ARCcdmE;SSB20_T20;NA;F;NA;NA;2019_2020;1;21-12-2019;21;0;NA;blood;SSB;Mother
T20;T20_SSB_pup_end_2019B;DNBSEQ Transcriptome;F20FTSEUHT1199_ARCcdmE;SSB20_T20;SSB20;M;18-12-2019;NA;2019_2020;2;03-03-2020;94;73;76;blood;SSB;Pup
SSB20;SSB20_SSB_mum_end_2019B;DNBSEQ Transcriptome;F20FTSEUHT1199_ARCutzE;SSB20_T20;NA;F;NA;NA;2019_2020;2;03-03-2020;94;73;NA;blood;SSB;Mother
SSB21;SSB21_SSB_mum_start_2019B;DNBSEQ Transcriptome;F20FTSEUHT1199_ARCcdmE;SSB21_T21;NA;F;NA;NA;2019_2020;1;21-12-2019;21;0;NA;blood;SSB;Mother
T21;T21_SSB_pup_start_2019B;DNBSEQ Transcriptome;F20FTSEUHT1199_ARCutzE;SSB21_T21;SSB21;NA;NA;this pup is not in the epi study so I might not have all info;2019_2020;1;21-12-2019;21;0;2to5;blood;SSB;Pup
SSB21;SSB21_SSB_mum_end_2019B;DNBSEQ Transcriptome;F20FTSEUHT1199_ARCcdmE;SSB21_T21;NA;F;NA;NA;2019_2020;2;27-01-2020;58;NA;NA;blood;SSB;Mother
SSB6;SSB6_SSB_mum_start_2019B;DNBSEQ Transcriptome;F20FTSEUHT1199_ARCcdmE;SSB6_T6;NA;F;NA;NA;2019_2020;1;04-12-2019;4;0;NA;blood;SSB;Mother
T6;T6_SSB_pup_start_2019B;DNBSEQ Transcriptome;F20FTSEUHT1199_ARCcdmE;SSB6_T6;SSB6;F;30-11-2019;NA;2019_2020;1;04-12-2019;4;0;4;blood;SSB;Pup
SSB6;SSB6_SSB_mum_end_2019B;DNBSEQ Transcriptome;F20FTSEUHT1199_ARCcdmE;SSB6_T6;NA;F;NA;NA;2019_2020;2;27-02-2020;89;85;NA;blood;SSB;Mother
T6;T6_SSB_pup_end_2019B;DNBSEQ Transcriptome;F20FTSEUHT1199_ARCcdmE;SSB6_T6;SSB6;F;30-11-2019;NA;2019_2020;2;27-02-2020;89;85;89;blood;SSB;Pup
SSB7;SSB7_SSB_mum_start_2019B;DNBSEQ Transcriptome;F20FTSEUHT1199_ARCutzE;SSB7_T7;NA;F;NA;NA;2019_2020;1;05-12-2019;5;0;NA;blood;SSB;Mother
T7;T7_SSB_pup_start_2019B;DNBSEQ Transcriptome;F20FTSEUHT1199_ARCcdmE;SSB7_T7;SSB7;F;30-11-2019;NA;2019_2020;1;05-12-2019;5;0;5;blood;SSB;Pup
SSB7;SSB7_SSB_mum_end_2019B;DNBSEQ Transcriptome;F20FTSEUHT1199_ARCcdmE;SSB7_T7;NA;F;NA;NA;2019_2020;2;06-02-2020;68;63;NA;blood;SSB;Mother
T7;T7_SSB_pup_end_2019B;DNBSEQ Transcriptome;F20FTSEUHT1199_ARCcdmE;SSB7_T7;SSB7;F;30-11-2019;NA;2019_2020;2;06-02-2020;68;63;68;blood;SSB;Pup
T8;T8_SSB_pup_start_2019B;DNBSEQ Transcriptome;F20FTSEUHT1199_ARCcdmE;SSB8_T8;SSB8;M;02-12-2019;NA;2019_2020;1;05-12-2019;5;0;3;blood;SSB;Pup
T8;T8_SSB_pup_end_2019B;DNBSEQ Transcriptome;F20FTSEUHT1199_ARCcdmE;SSB8_T8;SSB8;M;02-12-2019;NA;2019_2020;2;18-02-2020;80;75;78;blood;SSB;Pup
SSB9;SSB9_SSB_mum_start_2019B;DNBSEQ Transcriptome;F20FTSEUHT1199_ARCcdmE;SSB9_T9;NA;F;NA;NA;2019_2020;1;06-12-2019;6;0;NA;blood;SSB;Mother
T9;T9_SSB_pup_start_2019B;DNBSEQ Transcriptome;F20FTSEUHT1199_ARCcdmE;SSB9_T9;SSB9;F;02-12-2019;NA;2019_2020;1;06-12-2019;6;0;4;blood;SSB;Pup
SSB9;SSB9_SSB_mum_end_2019B;DNBSEQ Transcriptome;F20FTSEUHT1199_ARCcdmE;SSB9_T9;NA;F;NA;NA;2019_2020;2;04-03-2020;95;89;NA;blood;SSB;Mother
T9;T9_SSB_pup_end_2019B;DNBSEQ Transcriptome;F20FTSEUHT1199_ARCcdmE;SSB9_T9;SSB9;F;02-12-2019;NA;2019_2020;2;04-03-2020;95;89;93;blood;SSB;Pup