"","PC1","PC2","Sample","lib.size","norm.factors","ID","rna_lib_type","rna_batch","pair","mother","sex","date_birth","remark","year","ID_tp","ID_tp.1","group","sample_collection_date","sample_collection_Dec_days","delta_days_samples","age_days","tissue","colony","life_history_stage","WBCin10_total","WBCin10_Neutro","WBCin10_Eo","WBCin10_Baso","WBCin10_Lympho","WBCin10_Mono","Diff_Neutro","Diff_Eo","Diff_Baso","Diff_Lympho","Diff_Mono","TimeTo100","WBC_ratio","WBC_ratio_log"
"1",-0.383455737410141,-30.0286100070765,"C1_FWB_pup_start_2018A",11886510.0275422,0.725878592273567,"C1","DNBSEQ Transcriptome","F20FTSEUHT1199_ARCcdmE","F1_C1","F1","M",NA,NA,"2020","C1_1","C1_1","Day 0","10-12-2018",10,0,"2to5","blood","FWB","Pup","8","1","0","1","6","0",4,1,6,88,1,NA,0.136363636363636,-1.99243016469021
"2",65.9509921308086,-38.0083777272928,"C1_FWB_pup_end_2018B",30842738.6170758,1.43403534561864,"C1","DNBSEQ Transcriptome","F20FTSEUHT1199_ARCcdmE","F1_C1","F1","M",NA,"not sure about delta days","2020","C1_2","C1_2","Day 60","02-02-2019",64,54,"57","blood","FWB","Pup","1","1","0","0","0","0",47,8,7,35,3,"68",1.85714285714286,0.619039208406224
"3",75.6110630200819,5.6237406414947,"C11_FWB_pup_start_2018B",29668353.4273468,1.48045211698226,"C11","DNBSEQ Transcriptome","F20FTSEUHT1199_ARCcdmE","F11_C11","F11","F",NA,NA,"2020","C11_1","C11_1","Day 0","18-12-2018",18,0,"2to5","blood","FWB","Pup","2","2","0","0","0","0",39,2,0,52,7,"38",0.923076923076923,-0.0800427076735364
"4",-40.6338909413751,25.6726212425552,"C14_FWB_pup_start_2018B",13656587.6967012,0.625500060009237,"C14","DNBSEQ Transcriptome","F20FTSEUHT1199_ARCutzE","F14_C14","F14","M",NA,NA,"2020","C14_1","C14_1","Day 0","20-12-2018",20,0,"2to5","blood","FWB","Pup","17","0","0","0","17","0",11,1,0,88,0,"9",0.136363636363636,-1.99243016469021
"5",32.2870170734594,14.6313709038263,"C14_FWB_pup_end_2018B",23105004.4878128,1.12613203334802,"C14","DNBSEQ Transcriptome","F20FTSEUHT1199_ARCcdmE","F14_C14","F14","M",NA,"not sure about delta days","2020","C14_2","C14_2","Day 60","07-02-2019",69,49,"52","blood","FWB","Pup","6","2","0","0","4","0",29,8,3,56,4,"125",0.785714285714286,-0.241162056816888
"6",29.4075640731478,44.0095181364385,"C15_FWB_pup_start_2018B",30793930.6285769,1.24101904852607,"C15","DNBSEQ Transcriptome","F20FTSEUHT1199_ARCcdmE","F15_C15","F15","M",NA,NA,"2020","C15_1","C15_1","Day 0","20-12-2018",20,0,"2to5","blood","FWB","Pup","4","1","0","0","3","0",16,4,0,75,5,"41",0.333333333333333,-1.09861228866811
"7",4.07345796717181,6.29898185751556,"C16_FWB_pup_start_2018B",30943331.5637802,1.21063590397825,"C16","DNBSEQ Transcriptome","F20FTSEUHT1199_ARCuueE","F16_C16","F16","M",NA,NA,"2020","C16_1","C16_1","Day 0","20-12-2018",20,0,"2to5","blood","FWB","Pup","2","0","0","0","2","0",14,3,0,80,3,"60",0.25,-1.38629436111989
"8",60.6326781416971,8.72811807024994,"C17_FWB_pup_start_2018B",28984294.5905652,1.29837308695628,"C17","DNBSEQ Transcriptome","F20FTSEUHT1199_ARCcdmE","F17_C17","F17","M",NA,NA,"2020","C17_1","C17_1","Day 0","20-12-2018",20,0,"2to5","blood","FWB","Pup","0","0","0","0","0","0",10,5,12,67,6,"250",0.492537313432836,-0.708185057924486
"9",37.5511410470545,-37.8757138197257,"C17_FWB_pup_end_2018B",26121967.507918,1.39635204733313,"C17","DNBSEQ Transcriptome","F20FTSEUHT1199_ARCcdmE","F17_C17","F17","M",NA,"not sure about delta days","2020","C17_2","C17_2","Day 60","11-02-2019",73,53,"56","blood","FWB","Pup","6","5","0","0","0","1",61,3,0,22,14,"27",3.54545454545455,1.26566637333128
"10",30.6783157203498,24.897637815861,"C18_FWB_pup_start_2018B",28480519.3159153,1.15699943777404,"C18","DNBSEQ Transcriptome","F20FTSEUHT1199_ARCutzE","F18_C18","F18","F",NA,NA,"2020","C18_1","C18_1","Day 0","20-12-2018",20,0,"2to5","blood","FWB","Pup","1","0","0","0","0","1",8,8,0,78,6,"83",0.282051282051282,-1.26566637333128
"11",2.76063449845178,-57.4146041835251,"C18_FWB_pup_end_2018B",31953589.0098181,1.2693083693144,"C18","DNBSEQ Transcriptome","F20FTSEUHT1199_ARCcdmE","F18_C18","F18","F",NA,"not sure about delta days","2020","C18_2","C18_2","Day 60","11-02-2019",73,53,"56","blood","FWB","Pup","5","1","0","0","2","2",58,6,0,24,12,"20",3.16666666666667,1.15267950993839
"12",45.313259106143,29.2092784043317,"C19_FWB_pup_start_2018B",27696566.0695207,1.19131726063452,"C19","DNBSEQ Transcriptome","F20FTSEUHT1199_ARCcdmE","F19_C19","F19","F",NA,NA,"2020","C19_1","C19_1","Day 0","20-12-2018",20,0,"2to5","blood","FWB","Pup","2","0","0","0","2","0",13,1,0,80,6,"37",0.25,-1.38629436111989
"13",16.2926617778443,-29.8438018068067,"C19_FWB_pup_end_2018B",8021022.94129344,0.914380798842605,"C19","DNBSEQ Transcriptome","F20FTSEUHT1199_ARCcdmE","F19_C19","F19","F",NA,"not sure about delta days","2020","C19_2","C19_2","Day 60","05-02-2019",67,47,"50","blood","FWB","Pup","4","1","0","0","3","0",31,7,2,53,7,"26",0.886792452830189,-0.120144311842063
"14",64.6521020554844,58.445002725744,"C21_FWB_pup_start_2018",11482968.0784298,1.05104646505335,"C21","BGISEQ-500 Transcriptome","F20FTSEUHT0820_ARCbfrE","F21_C21","F21","M",NA,NA,"2020","C21_1","C21_1","Day 0","21-12-2018",21,0,"2to5","blood","FWB","Pup","1","0","0","0","1","0",31,8,0,58,3,"36",0.724137931034483,-0.322773392263051
"15",-8.94839220389409,8.46694218489375,"C24_FWB_pup_start_2018B",30158548.3303977,1.17511611046887,"C24","DNBSEQ Transcriptome","F20FTSEUHT1199_ARCcdmE","F24_C24","F24","M",NA,NA,"2020","C24_1","C24_1","Day 0","21-12-2018",21,0,"2to5","blood","FWB","Pup","3","2","0","0","1","0",31,14,0,46,9,"25",1.17391304347826,0.160342650075179
"16",-68.3223937937353,-40.3996758910685,"C24_FWB_pup_end_2018B",20914490.809852,0.981546762608676,"C24","DNBSEQ Transcriptome","F20FTSEUHT1199_ARCcdmE","F24_C24","F24","M",NA,"not sure about delta days","2020","C24_2","C24_2","Day 60","17-02-2019",79,58,"61","blood","FWB","Pup","11","4","3","0","1","3",55,13,4,17,11,"13",4.88235294117647,1.58562726374038
"17",-26.411027521916,-67.028138279639,"C5_FWB_pup_start_2018B",16022472.9784813,1.06357080283826,"C5","DNBSEQ Transcriptome","F20FTSEUHT1199_ARCutzE","F5_C5","F5","M",NA,NA,"2020","C5_1","C5_1","Day 0","14-12-2018",14,0,"2to5","blood","FWB","Pup","18","0","0","0","18","0",6,2,0,92,0,"10",0.0869565217391304,-2.4423470353692
"18",12.708386399815,-56.1235577680423,"C5_FWB_pup_end_2018B",16849955.8609979,1.20539419729031,"C5","DNBSEQ Transcriptome","F20FTSEUHT1199_ARCuueE","F5_C5","F5","M",NA,"not sure about delta days","2020","C5_2","C5_2","Day 60","09-02-2019",71,57,"60","blood","FWB","Pup","1","0","0","0","1","0",10,0,3,87,0,"200",0.149425287356322,-1.90095876119305
"19",60.6060385246513,18.1639794240741,"C6_FWB_pup_start_2018B",25908766.361214,1.23045300780754,"C6","DNBSEQ Transcriptome","F20FTSEUHT1199_ARCcdmE","F6_C6","F6","F",NA,NA,"2020","C6_1","C6_1","Day 0","15-12-2018",15,0,"2to5","blood","FWB","Pup","3","1","0","0","2","0",18,9,0,69,4,"32",0.449275362318841,-0.800119300112113
"20",50.9986710228,-16.642899886057,"C6_FWB_pup_end_2018B",30044033.416216,1.34426173187232,"C6","DNBSEQ Transcriptome","F20FTSEUHT1199_ARCcdmE","F6_C6","F6","F",NA,"not sure about delta days","2020","C6_2","C6_2","Day 60","06-02-2019",68,53,"56","blood","FWB","Pup","5","2","1","0","0","2",30,5,0,58,7,"90",0.724137931034483,-0.322773392263051
"21",-25.1375152620108,24.7474035672541,"C7_FWB_pup_start_2018B",31935402.974788,0.951719533264953,"C7","DNBSEQ Transcriptome","F20FTSEUHT1199_ARCcdmE","F7_C7","F7","M",NA,"not sure about age","2020","C7_1","C7_1","Day 0","17-12-2018",17,0,"2to5","blood","FWB","Pup","1","0","0","1","0","0",0,10,3,82,5,"86",0.219512195121951,-1.51634748936809
"22",60.4548711954088,-38.9935966906162,"C7_FWB_pup_end_2018B",20360652.5548882,1.28883656714114,"C7","DNBSEQ Transcriptome","F20FTSEUHT1199_ARCcdmE","F7_C7","F7","M",NA,"not sure about age","2020","C7_2","C7_2","Day 60","16-02-2019",78,61,"64","blood","FWB","Pup","4","1","0","0","3","0",34,13,2,48,3,"40",1.08333333333333,0.0800427076735364
"23",-1.60255380724525,-8.1135900915472,"C8_FWB_pup_start_2018B",13826993.1490199,0.964421838923025,"C8","DNBSEQ Transcriptome","F20FTSEUHT1199_ARCcdmE","F8_C8","F8","M",NA,NA,"2020","C8_1","C8_1","Day 0","17-12-2018",17,0,"2to5","blood","FWB","Pup","2","0","0","0","2","0",25,2,0,71,2,"50",0.408450704225352,-0.895384047054841
"24",-38.3371811806791,-73.1544258304771,"C8_FWB_pup_end_2018B",20147762.3944172,1.19512846474664,"C8","DNBSEQ Transcriptome","F20FTSEUHT1199_ARCutzE","F8_C8","F8","M",NA,"not sure about delta days","2020","C8_2","C8_2","Day 60","07-02-2019",69,52,"55","blood","FWB","Pup","3","1","0","0","2","0",27,3,1,61,8,"47",0.639344262295082,-0.447312218043665
"25",15.0010711829618,1.50464141295385,"C9_FWB_pup_start_2018B",11605594.5706166,1.10002373012803,"C9","DNBSEQ Transcriptome","F20FTSEUHT1199_ARCcdmE","F9_C9","F9","M",NA,NA,"2020","C9_1","C9_1","Day 0","17-12-2018",17,0,"2to5","blood","FWB","Pup","3","1","0","0","2","0",14,5,1,76,4,"52",0.315789473684211,-1.15267950993839
"26",-6.83464833749754,-73.4605075923438,"C9_FWB_pup_end_2018B",7643041.47661679,0.768172414198423,"C9","DNBSEQ Transcriptome","F20FTSEUHT1199_ARCcdmE","F9_C9","F9","M",NA,"not sure about delta days","2020","C9_2","C9_2","Day 60","06-02-2019",68,51,"54","blood","FWB","Pup","11","2","0","0","9","0",16,2,0,81,1,"14",0.234567901234568,-1.450010175506
"27",-70.8800339486179,21.3363911839394,"F1_FWB_mum_start_2018B",21746528.1363803,0.91054947598692,"F1","DNBSEQ Transcriptome","F20FTSEUHT1199_ARCuueE","F1_C1",NA,"F",NA,NA,"2020","F1_1","F1_1","Day 0","10-12-2018",10,0,NA,"blood","FWB","Mother","10","7","1","0","1","1",50,8,0,41,1,"25",1.4390243902439,0.363965377201412
"28",71.2793187489449,-1.27620759797466,"F1_FWB_mum_end_2018B",20717153.2014844,1.293086199056,"F1","DNBSEQ Transcriptome","F20FTSEUHT1199_ARCcdmE","F1_C1",NA,"F",NA,NA,"2020","F1_2","F1_2","Day 60","02-02-2019",64,54,NA,"blood","FWB","Mother","8","4","0","0","3","1",50,5,0,39,6,"16",1.56410256410256,0.447312218043665
"29",44.1727840766417,91.5636564544997,"F11_FWB_mum_start_2018B",29242985.8296551,1.22630085153026,"F11","DNBSEQ Transcriptome","F20FTSEUHT1199_ARCcdmE","F11_C11",NA,"F",NA,NA,"2020","F11_1","F11_1","Day 0","18-12-2018",18,0,NA,"blood","FWB","Mother","1","1","0","0","0","0",52,6,0,36,6,"136",1.77777777777778,0.575364144903562
"30",-65.1474741215142,-15.445390046617,"F11_FWB_mum_end_2018B",11329819.0486458,0.445514898057761,"F11","DNBSEQ Transcriptome","F20FTSEUHT1199_ARCcdmE","F11_C11",NA,"F",NA,NA,"2020","F11_2","F11_2","Day 60","23-01-2019",54,36,NA,"blood","FWB","Mother","26","3","0","0","23","0",19,5,0,73,3,"8",0.36986301369863,-0.994622575144062
"31",-157.43210770618,-4.97460245030372,"F14_FWB_mum_start_2018B",14417162.0883602,0.638360934297909,"F14","DNBSEQ Transcriptome","F20FTSEUHT1199_ARCcdmE","F14_C14",NA,"F",NA,NA,"2020","F14_1","F14_1","Day 0","20-12-2018",20,0,NA,"blood","FWB","Mother","7","4","1","0","2","0",18,9,0,69,4,"30",0.449275362318841,-0.800119300112113
"32",-51.4246009207657,-33.2582218083313,"F14_FWB_mum_end_2018B",9304762.33350089,0.886617150747604,"F14","DNBSEQ Transcriptome","F20FTSEUHT1199_ARCcdmE","F14_C14",NA,"F",NA,NA,"2020","F14_2","F14_2","Day 60","07-02-2019",69,49,NA,"blood","FWB","Mother","2","1","0","0","1","0",31,7,2,59,1,"34",0.694915254237288,-0.363965377201412
"33",-37.2236300550845,50.9547246453407,"F15_FWB_mum_start_2018B",24410973.1237424,0.946955750741335,"F15","DNBSEQ Transcriptome","F20FTSEUHT1199_ARCcdmE","F15_C15",NA,"F",NA,NA,"2020","F15_1","F15_1","Day 0","20-12-2018",20,0,NA,"blood","FWB","Mother","3","0","0","0","2","1",48,16,0,30,6,"28",2.33333333333333,0.847297860387204
"34",-8.45347775666852,-11.1805784922331,"F15_FWB_mum_end_2018B",10557335.5448502,1.0157069662983,"F15","DNBSEQ Transcriptome","F20FTSEUHT1199_ARCcdmE","F15_C15",NA,"F",NA,NA,"2020","F15_2","F15_2","Day 60","23-01-2019",54,34,NA,"blood","FWB","Mother","4","2","0","0","1","1",41,3,0,47,9,"18",1.12765957446809,0.120144311842063
"35",-25.398846994399,52.4943905269617,"F16_FWB_mum_start_2018B",26319169.899549,0.984521840891271,"F16","DNBSEQ Transcriptome","F20FTSEUHT1199_ARCutzE","F16_C16",NA,"F",NA,NA,"2020","F16_1","F16_1","Day 0","20-12-2018",20,0,NA,"blood","FWB","Mother","5","2","1","0","2","0",61,17,0,18,4,"23",4.55555555555556,1.51634748936809
"36",31.7938038117877,27.1441719792637,"F16_FWB_mum_end_2018B",30823668.7690267,1.16922310177508,"F16","DNBSEQ Transcriptome","F20FTSEUHT1199_ARCcdmE","F16_C16",NA,"F",NA,NA,"2020","F16_2","F16_2","Day 60","29-01-2019",60,40,NA,"blood","FWB","Mother","0","0","0","0","0","0",33,23,0,35,9,"158",1.85714285714286,0.619039208406224
"37",36.2389491524053,47.0190882829805,"F17_FWB_mum_start_2018B",20066171.5605619,1.07672325144172,"F17","DNBSEQ Transcriptome","F20FTSEUHT1199_ARCcdmE","F17_C17",NA,"F",NA,NA,"2020","F17_1","F17_1","Day 0","20-12-2018",20,0,NA,"blood","FWB","Mother","5","1","1","0","3","0",42,9,0,45,4,"43",1.22222222222222,0.200670695462151
"38",35.0228074028569,-30.1940181291489,"F17_FWB_mum_end_2018B",24152892.4607507,1.23815951741318,"F17","DNBSEQ Transcriptome","F20FTSEUHT1199_ARCutzE","F17_C17",NA,"F",NA,NA,"2020","F17_2","F17_2","Day 60","11-02-2019",73,53,NA,"blood","FWB","Mother","7","3","0","0","3","1",37,4,0,43,16,"23",1.32558139534884,0.281851152140988
"39",-31.1364646555322,73.4133503761368,"F18_FWB_mum_start_2018B",30222876.545303,0.945656416852217,"F18","DNBSEQ Transcriptome","F20FTSEUHT1199_ARCcdmE","F18_C18",NA,"F",NA,NA,"2020","F18_1","F18_1","Day 0","20-12-2018",20,0,NA,"blood","FWB","Mother","1","1","0","0","0","0",51,10,0,27,12,"61",2.7037037037037,0.994622575144062
"40",-81.5084416914357,-30.6553254826209,"F18_FWB_mum_end_2018B",19976829.2117835,0.936833418545029,"F18","DNBSEQ Transcriptome","F20FTSEUHT1199_ARCokaE","F18_C18",NA,"F",NA,NA,"2020","F18_2","F18_2","Day 60","11-02-2019",73,53,NA,"blood","FWB","Mother","4","2","0","0","2","0",52,5,0,31,12,"21",2.2258064516129,0.800119300112113
"41",-88.9772421788408,35.264824365938,"F19_FWB_mum_start_2018B",19664020.2234149,0.884202831549528,"F19","DNBSEQ Transcriptome","F20FTSEUHT1199_ARCuueE","F19_C19",NA,"F",NA,NA,"2020","F19_1","F19_1","Day 0","20-12-2018",20,0,NA,"blood","FWB","Mother","7","7","0","0","0","0",72,7,0,5,16,"18",19,2.94443897916644
"42",-32.8603388359427,-3.44887154347077,"F19_FWB_mum_end_2018B",16078942.2320745,0.941411684285582,"F19","DNBSEQ Transcriptome","F20FTSEUHT1199_ARCcdmE","F19_C19",NA,"F",NA,NA,"2020","F19_2","F19_2","Day 60","05-02-2019",67,47,NA,"blood","FWB","Mother","11","6","1","0","4","0",48,10,0,32,10,"15",2.125,0.75377180237638
"43",-21.0587139261489,99.5971247771333,"F21_FWB_mum_start_2018",12652314.6726667,0.714527257114444,"F21","BGISEQ-500 Transcriptome","F20FTSEUHT0820_ARCbfrE","F21_C21",NA,"F",NA,NA,"2020","F21_1","F21_1","Day 0","21-12-2018",21,0,NA,"blood","FWB","Mother","9","2","1","0","6","0",30,6,0,61,3,"11",0.639344262295082,-0.447312218043665
"44",-58.4306857550499,-22.4114025236336,"F24_FWB_mum_end_2018B",27578841.891958,0.981976930020959,"F24","DNBSEQ Transcriptome","F20FTSEUHT1199_ARCcdmE","F24_C24",NA,"F",NA,NA,"2020","F24_2","F24_2","Day 60","17-02-2019",79,58,NA,"blood","FWB","Mother","6","2","1","0","3","0",50,4,0,40,6,"17",1.5,0.405465108108164
"45",41.867594595883,61.4989850870428,"F5_FWB_mum_start_2018B",28760731.8787802,1.11048935812797,"F5","DNBSEQ Transcriptome","F20FTSEUHT1199_ARCcdmE","F5_C5",NA,"F",NA,NA,"2020","F5_1","F5_1","Day 0","14-12-2018",14,0,NA,"blood","FWB","Mother","2","2","0","0","0","0",46,3,0,51,0,"40",0.96078431372549,-0.0400053346136991
"46",-41.5834727382635,-64.5166984959873,"F5_FWB_mum_end_2018B",20448340.3348699,1.08485620960447,"F5","DNBSEQ Transcriptome","F20FTSEUHT1199_ARCcdmE","F5_C5",NA,"F",NA,NA,"2020","F5_2","F5_2","Day 60","09-02-2019",71,57,NA,"blood","FWB","Mother","16","5","1","0","10","0",31,5,0,63,1,"19",0.587301587301587,-0.532216813747308
"47",-8.09066630050683,-43.9548098005112,"F6_FWB_mum_end_2018B",16180421.7801833,1.00910224345996,"F6","DNBSEQ Transcriptome","F20FTSEUHT1199_ARCcdmE","F6_C6",NA,"F",NA,NA,"2020","F6_2","F6_2","Day 60","06-02-2019",68,53,NA,"blood","FWB","Mother","5","3","0","0","2","0",18,1,2,74,5,NA,0.351351351351351,-1.04596855518269
"48",-77.0942586803003,36.2182510186654,"F7_FWB_mum_start_2018B",18788535.6717226,0.845578475127815,"F7","DNBSEQ Transcriptome","F20FTSEUHT1199_ARCcdmE","F7_C7",NA,"F",NA,NA,"2020","F7_1","F7_1","Day 0","17-12-2018",17,0,NA,"blood","FWB","Mother","11","4","0","0","7","0",22,6,0,70,2,"32",0.428571428571429,-0.847297860387204
"49",-88.9755905197228,-42.7224357194032,"F7_FWB_mum_end_2018B",10199956.2449847,0.876101026207363,"F7","DNBSEQ Transcriptome","F20FTSEUHT1199_ARCcdmE","F7_C7",NA,"F",NA,NA,"2020","F7_2","F7_2","Day 60","16-02-2019",78,61,NA,"blood","FWB","Mother","7","1","0","1","3","2",31,9,3,50,7,"29",1,0
"50",18.2112127883718,93.7843385186828,"F8_FWB_mum_start_2018B",15562101.0644781,0.880359685017604,"F8","DNBSEQ Transcriptome","F20FTSEUHT1199_ARCcdmE","F8_C8",NA,"F",NA,NA,"2020","F8_1","F8_1","Day 0","17-12-2018",17,0,NA,"blood","FWB","Mother","6","3","0","0","3","0",62,7,0,29,2,"25",2.44827586206897,0.895384047054841
"51",51.5331336468053,26.2422214439501,"F8_FWB_mum_end_2018B",23977680.4811295,1.24195876360187,"F8","DNBSEQ Transcriptome","F20FTSEUHT1199_ARCcdmE","F8_C8",NA,"F",NA,NA,"2020","F8_2","F8_2","Day 60","07-02-2019",69,52,NA,"blood","FWB","Mother","11","6","0","0","4","1",42,2,0,50,6,"16",1,0
"52",-104.401716436313,28.8202950451879,"F9_FWB_mum_start_2018B",10572635.4108865,0.722002950141782,"F9","DNBSEQ Transcriptome","F20FTSEUHT1199_ARCutzE","F9_C9",NA,"F",NA,NA,"2020","F9_1","F9_1","Day 0","17-12-2018",17,0,NA,"blood","FWB","Mother","7","3","2","0","2","0",43,8,0,45,4,"15",1.22222222222222,0.200670695462151
"53",-48.0570155921936,-55.0721062564479,"F9_FWB_mum_end_2018B",16488397.5727719,1.08161274112377,"F9","DNBSEQ Transcriptome","F20FTSEUHT1199_ARCutzE","F9_C9",NA,"F",NA,NA,"2020","F9_2","F9_2","Day 60","06-02-2019",68,51,NA,"blood","FWB","Mother","5","2","0","0","3","0",23,4,3,68,2,"54",0.470588235294118,-0.75377180237638
"54",-61.4999043311512,17.7617661914453,"FWB10_FWB_mum_start_2019B",13782131.4559794,0.744904185184114,"FWB10","DNBSEQ Transcriptome","F20FTSEUHT1199_ARCutzE","FWB10_N10",NA,"F",NA,NA,"2019","FWB10_1","FWB10_1","Day 0","11-12-2019",11,0,NA,"blood","FWB","Mother","3","2","0","0","1","0",42,2,0,46,10,"18",1.17391304347826,0.160342650075179
"55",59.9602206979402,10.5812532495414,"FWB10_FWB_mum_end_2019B",18872430.1439169,1.10292946781201,"FWB10","DNBSEQ Transcriptome","F20FTSEUHT1199_ARCcdmE","FWB10_N10",NA,"F",NA,NA,"2019","FWB10_2","FWB10_2","Day 60","16-02-2020",78,67,NA,"blood","FWB","Mother","5","3","0","0","2","0",23,5,2,65,5,"20",0.538461538461538,-0.619039208406224
"56",6.58067796652573,24.6642496440542,"FWB12_FWB_mum_start_2019B",35474366.6888932,1.17170627400805,"FWB12","DNBSEQ Transcriptome","F20FTSEUHT1199_ARCokaE","FWB12_N12",NA,"F",NA,NA,"2019","FWB12_1","FWB12_1","Day 0","18-12-2019",18,0,NA,"blood","FWB","Mother","3","2","0","0","0","1",45,7,1,36,11,"42",1.77777777777778,0.575364144903562
"57",63.8986418081782,7.60215284271744,"FWB12_FWB_mum_end_2019B",23041034.3687884,1.34080825944887,"FWB12","DNBSEQ Transcriptome","F20FTSEUHT1199_ARCcdmE","FWB12_N12",NA,"F",NA,NA,"2019","FWB12_2","FWB12_2","Day 60","19-02-2020",81,63,NA,"blood","FWB","Mother","3","1","2","0","0","0",45,15,6,29,5,"17",2.44827586206897,0.895384047054841
"58",-64.1076745491199,-30.0448660110785,"FWB14_FWB_mum_start_2019B",16541159.4013545,0.970784100946739,"FWB14","DNBSEQ Transcriptome","F20FTSEUHT1199_ARCcdmE","FWB14_N14",NA,"F",NA,NA,"2019","FWB14_1","FWB14_1","Day 0","12-12-2019",12,0,NA,"blood","FWB","Mother","1","1","0","0","0","0",54,7,2,32,5,"30",2.125,0.75377180237638
"59",81.4927518176514,-33.990196452293,"FWB14_FWB_mum_end_2019B",27638684.6216724,1.4975356315646,"FWB14","DNBSEQ Transcriptome","F20FTSEUHT1199_ARCcdmE","FWB14_N14",NA,"F",NA,NA,"2019","FWB14_2","FWB14_2","Day 60","27-02-2020",89,77,NA,"blood","FWB","Mother","4","0","0","0","4","0",36,8,1,48,7,"23",1.08333333333333,0.0800427076735364
"60",-39.2245179077234,18.4836714182466,"FWB15_FWB_mum_start_2019B",16279594.3803995,0.956705001553327,"FWB15","DNBSEQ Transcriptome","F20FTSEUHT1199_ARCcdmE","FWB15_N15",NA,"F",NA,NA,"2019","FWB15_1","FWB15_1","Day 0","12-12-2019",12,0,NA,"blood","FWB","Mother","6","5","1","0","0","0",51,13,0,30,6,"12",2.33333333333333,0.847297860387204
"61",28.1453580611695,-22.3460349179684,"FWB15_FWB_mum_end_2019B",15457436.5533368,1.185592276905,"FWB15","DNBSEQ Transcriptome","F20FTSEUHT1199_ARCcdmE","FWB15_N15",NA,"F",NA,NA,"2019","FWB15_2","FWB15_2","Day 60","17-02-2020",79,67,NA,"blood","FWB","Mother","3","1","0","0","1","1",51,7,4,28,10,"23",2.57142857142857,0.944461608840852
"62",-24.3830000666792,21.9297932366134,"FWB17_FWB_mum_start_2019B",14404004.9578114,0.992676145351124,"FWB17","DNBSEQ Transcriptome","F20FTSEUHT1199_ARCcdmE","FWB17_N17",NA,"F",NA,NA,"2019","FWB17_1","FWB17_1","Day 0","12-12-2019",12,0,NA,"blood","FWB","Mother","3","1","1","1","0","0",59,5,1,29,6,"15",2.44827586206897,0.895384047054841
"63",18.4853971197917,-27.7709023050819,"FWB17_FWB_mum_end_2019B",19103770.8293202,1.21378379936677,"FWB17","DNBSEQ Transcriptome","F20FTSEUHT1199_ARCcdmE","FWB17_N17",NA,"F",NA,NA,"2019","FWB17_2","FWB17_2","Day 60","06-02-2020",68,56,NA,"blood","FWB","Mother","4","1","2","0","1","0",27,26,0,40,7,"16",1.5,0.405465108108164
"64",-100.904042627741,25.0342681333885,"FWB19_FWB_mum_start_2019B",14469441.1178931,0.711086116970324,"FWB19","DNBSEQ Transcriptome","F20FTSEUHT1199_ARCutzE","FWB19_N19",NA,"F",NA,NA,"2019","FWB19_1","FWB19_1","Day 0","18-12-2019",18,0,NA,"blood","FWB","Mother","2","1","1","0","0","0",41,13,0,40,6,"22",1.5,0.405465108108164
"65",-1.54625055997094,-14.0594480080444,"FWB19_FWB_mum_end_2019B",13220430.4812782,0.806180670623175,"FWB19","DNBSEQ Transcriptome","F20FTSEUHT1199_ARCuueE","FWB19_N19",NA,"F",NA,NA,"2019","FWB19_2","FWB19_2","Day 60","19-02-2020",81,63,NA,"blood","FWB","Mother","2","2","0","0","0","0",31,13,0,47,9,"19",1.12765957446809,0.120144311842063
"66",-35.9934249099491,14.3186621305402,"FWB21_FWB_mum_start_2019B",20861908.7927882,0.970800126006495,"FWB21","DNBSEQ Transcriptome","F20FTSEUHT1199_ARCcdmE","FWB21_N21",NA,"F",NA,NA,"2019","FWB21_1","FWB21_1","Day 0","20-12-2019",20,0,NA,"blood","FWB","Mother","1","0","0","0","0","1",61,13,0,19,7,"21",4.26315789473684,1.450010175506
"67",60.2134143054206,-19.7711309406608,"FWB21_FWB_mum_end_2019B",25578393.9358831,1.28055393235113,"FWB21","DNBSEQ Transcriptome","F20FTSEUHT1199_ARCuueE","FWB21_N21",NA,"F",NA,NA,"2019","FWB21_2","FWB21_2","Day 60","17-02-2020",79,59,NA,"blood","FWB","Mother","1","0","1","0","0","0",29,5,4,51,11,"39",0.96078431372549,-0.0400053346136991
"68",-7.39326250221385,-30.7382571675249,"FWB22_FWB_mum_start_2019B",30468524.1053342,1.28780606040138,"FWB22","DNBSEQ Transcriptome","F20FTSEUHT1199_ARCcdmE","FWB22_N22",NA,"F",NA,NA,"2019","FWB22_1","FWB22_1","Day 0","20-12-2019",20,0,NA,"blood","FWB","Mother","3","1","0","0","1","1",45,5,0,33,17,"32",2.03030303030303,0.708185057924486
"69",65.7168717348001,-13.9764000368342,"FWB22_FWB_mum_end_2019B",30879844.9662467,1.43164777576191,"FWB22","DNBSEQ Transcriptome","F20FTSEUHT1199_ARCcdmE","FWB22_N22",NA,"F",NA,NA,"2019","FWB22_2","FWB22_2","Day 60","22-02-2020",84,64,NA,"blood","FWB","Mother","3","0","1","0","2","0",40,14,0,43,3,"33",1.32558139534884,0.281851152140988
"70",-65.0534142528886,51.2711711494417,"FWB23_FWB_mum_start_2019B",18220946.5592936,0.780442639280535,"FWB23","DNBSEQ Transcriptome","F20FTSEUHT1199_ARCcdmE","FWB23_N23",NA,"F",NA,NA,"2019","FWB23_1","FWB23_1","Day 0","20-12-2019",20,0,NA,"blood","FWB","Mother","2","1","0","0","1","0",65,6,1,25,3,"34",3,1.09861228866811
"71",-23.1095530511666,18.0426010242685,"FWB23_FWB_mum_end_2019B",19009670.525758,0.905453054581223,"FWB23","DNBSEQ Transcriptome","F20FTSEUHT1199_ARCcdmE","FWB23_N23",NA,"F",NA,NA,"2019","FWB23_2","FWB23_2","Day 60","18-01-2020",49,29,NA,"blood","FWB","Mother","3","1","0","0","2","0",32,8,0,54,6,"23",0.851851851851852,-0.160342650075179
"72",-40.0553462613542,22.1874596485716,"FWB24_FWB_mum_start_2019B",17730293.2197826,0.936562866566231,"FWB24","DNBSEQ Transcriptome","F20FTSEUHT1199_ARCcdmE","FWB24_N24",NA,"F",NA,NA,"2019","FWB24_1","FWB24_1","Day 0","20-12-2019",20,0,NA,"blood","FWB","Mother","4","4","0","0","0","0",59,7,0,24,10,"19",3.16666666666667,1.15267950993839
"73",5.44091849606335,-19.7829677056328,"FWB24_FWB_mum_end_2019B",10390390.3281542,0.986022174668582,"FWB24","DNBSEQ Transcriptome","F20FTSEUHT1199_ARCcdmE","FWB24_N24",NA,"F",NA,NA,"2019","FWB24_2","FWB24_2","Day 60","19-03-2020",110,90,NA,"blood","FWB","Mother","3","2","0","0","1","0",36,2,0,60,2,"94",0.666666666666667,-0.405465108108164
"74",-9.83759958904934,67.6948038939266,"FWB4_FWB_mum_start_2019B",25124332.2040078,0.867420534036558,"FWB4","DNBSEQ Transcriptome","F20FTSEUHT1199_ARCcdmE","FWB4_N4",NA,"F",NA,NA,"2019","FWB4_1","FWB4_1","Day 0","10-12-2019",10,0,NA,"blood","FWB","Mother","4","2","0","0","2","0",64,6,1,17,12,"33",4.88235294117647,1.58562726374038
"75",57.0943387127336,-28.5309106700823,"FWB4_FWB_mum_end_2019B",21727264.2858198,1.26269258490804,"FWB4","DNBSEQ Transcriptome","F20FTSEUHT1199_ARCcdmE","FWB4_N4",NA,"F",NA,NA,"2019","FWB4_2","FWB4_2","Day 60","12-02-2020",74,64,NA,"blood","FWB","Mother","5","1","0","0","4","0",48,3,1,42,6,"20",1.38095238095238,0.322773392263051
"76",-56.2912943740416,39.4729790303335,"FWB5_FWB_mum_start_2019B",10449447.1805864,0.664156803440835,"FWB5","DNBSEQ Transcriptome","F20FTSEUHT1199_ARCcdmE","FWB5_N5",NA,"F",NA,NA,"2019","FWB5_1","FWB5_1","Day 0","10-12-2019",10,0,NA,"blood","FWB","Mother","3","2","0","0","1","0",55,15,1,23,6,"62",3.34782608695652,1.20831120592453
"77",9.96568465449371,-22.517886438191,"FWB5_FWB_mum_end_2019B",9155273.10009729,0.910319467251432,"FWB5","DNBSEQ Transcriptome","F20FTSEUHT1199_ARCcdmE","FWB5_N5",NA,"F",NA,NA,"2019","FWB5_2","FWB5_2","Day 60","21-02-2020",83,73,NA,"blood","FWB","Mother","2","1","1","0","0","0",35,11,0,49,5,"24",1.04081632653061,0.0400053346136992
"78",-59.748098203988,53.2684549907025,"FWB6_FWB_mum_start_2019B",13445786.1318546,0.840387368212289,"FWB6","DNBSEQ Transcriptome","F20FTSEUHT1199_ARCcdmE","FWB6_N6",NA,"F",NA,NA,"2019","FWB6_1","FWB6_1","Day 0","10-12-2019",10,0,NA,"blood","FWB","Mother","4","3","0","0","1","0",63,13,0,10,14,"17",9,2.19722457733622
"79",15.778189040612,31.467576954217,"FWB6_FWB_mum_end_2019B",22399006.7888361,1.00512656132767,"FWB6","DNBSEQ Transcriptome","F20FTSEUHT1199_ARCcdmE","FWB6_N6",NA,"F",NA,NA,"2019","FWB6_2","FWB6_2","Day 60","10-02-2020",72,62,NA,"blood","FWB","Mother","5","2","0","0","2","1",44,19,3,30,4,"15",2.33333333333333,0.847297860387204
"80",-3.4217638519887,64.8963123347062,"FWB8_FWB_mum_start_2019B",16142164.0312531,0.861010135314094,"FWB8","DNBSEQ Transcriptome","F20FTSEUHT1199_ARCcdmE","FWB8_N8",NA,"F",NA,NA,"2019","FWB8_1","FWB8_1","Day 0","10-12-2019",10,0,NA,"blood","FWB","Mother","8","3","0","1","3","1",29,4,1,58,8,"27",0.724137931034483,-0.322773392263051
"81",70.3017552834826,-11.7277372579779,"FWB8_FWB_mum_end_2019B",19184855.8162336,1.22581732049286,"FWB8","DNBSEQ Transcriptome","F20FTSEUHT1199_ARCcdmE","FWB8_N8",NA,"F",NA,NA,"2019","FWB8_2","FWB8_2","Day 60","17-02-2020",79,69,NA,"blood","FWB","Mother","3","0","0","0","2","1",21,7,2,58,12,"28",0.724137931034483,-0.322773392263051
"82",81.2117734031456,29.7854557094456,"H13_SSB_pup_start_2018B",28787092.6149385,1.36151661353353,"H13","DNBSEQ Transcriptome","F20FTSEUHT1199_ARCcdmE","S14_H13","S14","M","10-12-2018",NA,"2020","H13_1","H13_1","Day 0","12-12-2018",12,0,"2","blood","SSB","Pup","3","3","0","0","0","0",50,10,0,30,10,"25",2.33333333333333,0.847297860387204
"83",15.5760310554485,-45.1795051437928,"H13_SSB_pup_end_2018B",19342071.6955811,1.10764497354913,"H13","DNBSEQ Transcriptome","F20FTSEUHT1199_ARCuueE","S14_H13","S14","M","10-12-2018",NA,"2020","H13_2","H13_2","Day 60","08-02-2019",70,58,"60","blood","SSB","Pup","4","1","0","0","3","0",40,6,1,42,11,"18",1.38095238095238,0.322773392263051
"84",-29.1961003735889,-39.9202603862781,"H14_SSB_pup_start_2018B",14825123.2889703,0.831662058009371,"H14","DNBSEQ Transcriptome","F20FTSEUHT1199_ARCcdmE","S15_H14","S15","M","11-12-2018",NA,"2020","H14_1","H14_1","Day 0","13-12-2018",13,0,"2","blood","SSB","Pup","2","0","0","0","2","0",10,0,0,86,4,"17",0.162790697674419,-1.81528996663825
"85",-34.3720265639886,-55.6048545153549,"H14_SSB_pup_end_2018B",9969738.76579793,0.711310128393704,"H14","DNBSEQ Transcriptome","F20FTSEUHT1199_ARCutzE","S15_H14","S15","M","11-12-2018",NA,"2020","H14_2","H14_2","Day 60","07-02-2019",69,56,"58","blood","SSB","Pup","6","1","1","0","4","0",39,10,1,46,4,"18",1.17391304347826,0.160342650075179
"86",67.6366865481719,-2.58145500010275,"H15_SSB_pup_end_2018",12040509.5504699,1.02286562968631,"H15","BGISEQ-500 Transcriptome","F20FTSEUHT0820_ARCbfrE","S16_H15","S16","F","10-12-2018",NA,"2020","H15_2","H15_2","Day 60","07-02-2019",69,56,"59","blood","SSB","Pup","8","6","0","0","2","0",55,6,0,35,4,"15",1.85714285714286,0.619039208406224
"87",-55.9292848781869,0.493260708368884,"H16_SSB_pup_start_2018B",22034604.5719049,0.892750852727195,"H16","DNBSEQ Transcriptome","F20FTSEUHT1199_ARCcdmE","S17_H16","S17","F","11-12-2018",NA,"2020","H16_1","H16_1","Day 0","14-12-2018",14,0,"3","blood","SSB","Pup","4","0","0","0","3","1",61,8,0,20,11,"28",4,1.38629436111989
"88",-25.316494503514,-59.7175368693441,"H16_SSB_pup_end_2018B",28498675.3189467,1.16501251905714,"H16","DNBSEQ Transcriptome","F20FTSEUHT1199_ARCuueE","S17_H16","S17","F","11-12-2018",NA,"2020","H16_2","H16_2","Day 60","16-02-2019",78,64,"67","blood","SSB","Pup","0","0","0","0","0","0",34,7,1,57,1,"177",0.754385964912281,-0.281851152140988
"89",38.6187426389687,17.8501432485953,"H17_SSB_pup_start_2018B",24169212.6396708,1.16042142721143,"H17","DNBSEQ Transcriptome","F20FTSEUHT1199_ARCcdmE","S18_H17","S18","F","12-12-2018",NA,"2020","H17_1","H17_1","Day 0","15-12-2018",15,0,"3","blood","SSB","Pup","12","1","0","0","10","1",24,5,0,65,6,"9",0.538461538461538,-0.619039208406224
"90",14.3680031255508,-59.177961600238,"H17_SSB_pup_end_2018B",21479030.2300829,1.14959296842335,"H17","DNBSEQ Transcriptome","F20FTSEUHT1199_ARCokaE","S18_H17","S18","F","12-12-2018",NA,"2020","H17_2","H17_2","Day 60","12-02-2019",74,59,"62","blood","SSB","Pup","5","4","0","0","1","0",50,5,0,38,7,"14",1.63157894736842,0.489548225318706
"91",-45.7111252350181,-0.667480039385777,"H18_SSB_pup_start_2018B",18043626.3558627,0.925664693854816,"H18","DNBSEQ Transcriptome","F20FTSEUHT1199_ARCcdmE","S19_H18","S19","M","14-12-2018",NA,"2020","H18_1","H18_1","Day 0","16-12-2018",16,0,"2","blood","SSB","Pup","5","0","0","0","5","0",20,4,0,70,6,"24",0.428571428571429,-0.847297860387204
"92",4.4176352611389,-58.0694046708373,"H18_SSB_pup_end_2018B",29812166.9836045,1.19566532895219,"H18","DNBSEQ Transcriptome","F20FTSEUHT1199_ARCcdmE","S19_H18","S19","M","14-12-2018",NA,"2020","H18_2","H18_2","Day 60","13-02-2019",75,59,"61","blood","SSB","Pup","6","2","0","0","4","0",11,4,0,84,1,"22",0.19047619047619,-1.65822807660353
"93",-24.3039998920313,-32.8134859510026,"H19_SSB_pup_start_2018B",7630472.19389991,0.746488588252112,"H19","DNBSEQ Transcriptome","F20FTSEUHT1199_ARCutzE","S20_H19","S20","F","14-12-2018",NA,"2020","H19_1","H19_1","Day 0","16-12-2018",16,0,"2","blood","SSB","Pup","3","1","1","0","1","0",52,9,1,34,4,"20",1.94117647058824,0.663294217410264
"94",-33.7838121624607,-83.3433013083687,"H19_SSB_pup_end_2018B",8626595.59775121,0.889359929888447,"H19","DNBSEQ Transcriptome","F20FTSEUHT1199_ARCutzE","S20_H19","S20","F","14-12-2018",NA,"2020","H19_2","H19_2","Day 60","30-01-2019",61,45,"47","blood","SSB","Pup","6","1","0","0","5","0",31,9,1,51,8,"25",0.96078431372549,-0.0400053346136991
"95",-0.929283121931928,49.6848184141689,"H20_SSB_pup_start_2018B",29834830.9699323,1.01927896394112,"H20","DNBSEQ Transcriptome","F20FTSEUHT1199_ARCcdmE","S21_H20","S21","M","20-12-2018",NA,"2020","H20_1","H20_1","Day 0","23-12-2018",23,0,"3","blood","SSB","Pup","0","0","0","0","0","0",40,20,0,36,4,"97",1.77777777777778,0.575364144903562
"96",-7.45329340218941,-5.92577026365221,"H20_SSB_pup_end_2018B",7250610.16419634,0.897017971974905,"H20","DNBSEQ Transcriptome","F20FTSEUHT1199_ARCcdmE","S21_H20","S21","M","20-12-2018",NA,"2020","H20_2","H20_2","Day 60","15-02-2019",77,54,"57","blood","SSB","Pup","4","2","0","0","2","0",54,15,1,27,3,"15",2.7037037037037,0.994622575144062
"97",63.418208864236,-17.7296417098628,"H22_SSB_pup_start_2018B",30675712.2615798,1.42652940011025,"H22","DNBSEQ Transcriptome","F20FTSEUHT1199_ARCcdmE","S23_H22","S23","F","22-12-2018",NA,"2020","H22_1","H22_1","Day 0","25-12-2018",25,0,"3","blood","SSB","Pup","2","0","0","0","2","0",23,15,0,59,3,"15",0.694915254237288,-0.363965377201412
"98",64.752080141475,-59.369383794111,"H22_SSB_pup_end_2018B",21595250.6366214,1.31026665042772,"H22","DNBSEQ Transcriptome","F20FTSEUHT1199_ARCcdmE","S23_H22","S23","F","22-12-2018",NA,"2020","H22_2","H22_2","Day 60","11-02-2019",73,48,"51","blood","SSB","Pup","7","0","0","0","7","0",22,6,0,69,3,"14",0.449275362318841,-0.800119300112113
"99",34.0164592208951,-25.6444247519406,"H3_SSB_pup_start_2018B",27193173.1469721,1.36374641571214,"H3","DNBSEQ Transcriptome","F20FTSEUHT1199_ARCuueE","S2_H3","S2","F","03-12-2018",NA,"2020","H3_1","H3_1","Day 0","05-12-2018",5,0,"2","blood","SSB","Pup","2","1","0","0","1","0",28,0,0,67,5,"70",0.492537313432836,-0.708185057924486
"100",-3.74698665169115,-55.1497923776813,"H3_SSB_pup_end_2018B",14372375.1985794,1.07397557197963,"H3","DNBSEQ Transcriptome","F20FTSEUHT1199_ARCutzE","S2_H3","S2","F","03-12-2018",NA,"2020","H3_2","H3_2","Day 60","06-02-2019",68,63,"65","blood","SSB","Pup","8","2","1","0","5","0",22,2,0,73,3,"17",0.36986301369863,-0.994622575144062
"101",12.4669536653649,-22.0858558735538,"H6_SSB_pup_start_2018B",13494836.0403886,1.0365858196854,"H6","DNBSEQ Transcriptome","F20FTSEUHT1199_ARCcdmE","S6_H6","S6","M","04-12-2018",NA,"2020","H6_1","H6_1","Day 0","07-12-2018",7,0,"3","blood","SSB","Pup","9","1","0","0","6","2",34,4,0,53,9,"18",0.886792452830189,-0.120144311842063
"102",24.7389184936474,-16.2720636467565,"H6_SSB_pup_end_2018B",9239781.25255956,0.974194486205485,"H6","DNBSEQ Transcriptome","F20FTSEUHT1199_ARCcdmE","S6_H6","S6","M","04-12-2018",NA,"2020","H6_2","H6_2","Day 60","03-02-2019",65,58,"61","blood","SSB","Pup","12","5","1","0","4","2",15,3,0,77,5,"13",0.298701298701299,-1.20831120592453
"103",3.07578730988766,-21.6518305005727,"H7_SSB_pup_start_2018B",18757948.4931562,0.777789565901981,"H7","DNBSEQ Transcriptome","F20FTSEUHT1199_ARCcdmE","S7_H7","S7","F","05-12-2018",NA,"2020","H7_1","H7_1","Day 0","08-12-2018",8,0,"3","blood","SSB","Pup","3","2","0","0","0","1",39,10,0,35,16,"26",1.85714285714286,0.619039208406224
"104",53.5530450487143,2.87643900671629,"H8_SSB_pup_start_2018B",29591988.8675563,1.39519713941839,"H8","DNBSEQ Transcriptome","F20FTSEUHT1199_ARCcdmE","S9_H8","S9","M","05-12-2018",NA,"2020","H8_1","H8_1","Day 0","09-12-2018",9,0,"4","blood","SSB","Pup","4","0","0","0","2","2",47,4,0,27,22,"33",2.7037037037037,0.994622575144062
"105",17.5404339904718,2.15089263800477,"H8_SSB_pup_end_2018B",15728822.8045824,1.05878253516133,"H8","DNBSEQ Transcriptome","F20FTSEUHT1199_ARCcdmE","S9_H8","S9","M","05-12-2018",NA,"2020","H8_2","H8_2","Day 60","19-02-2019",81,72,"76","blood","SSB","Pup","8","1","0","0","7","0",20,0,1,73,6,"27",0.36986301369863,-0.994622575144062
"106",-8.96844927074231,-18.0903522452302,"N10_FWB_pup_start_2019B",9743238.47145479,0.451751695274007,"N10","DNBSEQ Transcriptome","F20FTSEUHT1199_ARCcdmE","FWB10_N10","FWB10","F",NA,NA,"2019","N10_1","N10_1","Day 0","11-12-2019",11,0,"2to5","blood","FWB","Pup","0","0","0","0","0","0",13,5,2,74,6,"49",0.351351351351351,-1.04596855518269
"107",43.7986343419501,-16.6325096075892,"N10_FWB_pup_end_2019B",14005137.7096068,0.929425275121371,"N10","DNBSEQ Transcriptome","F20FTSEUHT1199_ARCutzE","FWB10_N10","FWB10","F",NA,"not sure about delta days","2019","N10_2","N10_2","Day 60","16-02-2020",78,67,"70","blood","FWB","Pup","5","3","0","0","2","0",43,2,2,46,7,"16",1.17391304347826,0.160342650075179
"108",51.9784869261459,-27.9561989886819,"N12_FWB_pup_start_2019B",21208883.1716286,1.13628784379214,"N12","DNBSEQ Transcriptome","F20FTSEUHT1199_ARCcdmE","FWB12_N12","FWB12","F",NA,NA,"2019","N12_1","N12_1","Day 0","11-12-2019",11,0,"2to5","blood","FWB","Pup","5","4","1","0","0","0",67,12,3,17,1,"17",4.88235294117647,1.58562726374038
"109",69.0093616587334,-28.6808020714234,"N12_FWB_pup_end_2019B",13490332.4446391,1.18356127086983,"N12","DNBSEQ Transcriptome","F20FTSEUHT1199_ARCcdmE","FWB12_N12","FWB12","F",NA,"not sure about delta days","2019","N12_2","N12_2","Day 60","19-02-2020",81,70,"73","blood","FWB","Pup","3","1","0","0","2","0",48,2,0,49,1,"25",1.04081632653061,0.0400053346136992
"110",26.4711875150238,37.1238090860325,"N14_FWB_pup_start_2019B",24494099.2784866,0.993131386447398,"N14","DNBSEQ Transcriptome","F20FTSEUHT1199_ARCcdmE","FWB14_N14","FWB14","F",NA,NA,"2019","N14_1","N14_1","Day 0","12-12-2019",12,0,"2to5","blood","FWB","Pup","0","0","0","0","0","0",47,10,1,38,4,"50",1.63157894736842,0.489548225318706
"111",47.4434097414275,-25.0079248035547,"N14_FWB_pup_end_2019B",9486240.06704558,1.0264779226875,"N14","DNBSEQ Transcriptome","F20FTSEUHT1199_ARCcdmE","FWB14_N14","FWB14","F",NA,"not sure about delta days","2019","N14_2","N14_2","Day 60","27-02-2020",89,77,"80","blood","FWB","Pup","4","2","0","0","2","0",25,0,0,66,9,"29",0.515151515151515,-0.663294217410264
"112",-51.3161725797771,46.3280256944839,"N15_FWB_pup_start_2019B",9330357.65572243,0.642800446753161,"N15","DNBSEQ Transcriptome","F20FTSEUHT1199_ARCcdmE","FWB15_N15","FWB15","M",NA,NA,"2019","N15_1","N15_1","Day 0","12-12-2019",12,0,"2to5","blood","FWB","Pup","4","2","0","0","2","0",60,5,0,32,3,"24",2.125,0.75377180237638
"113",54.4981720557533,9.27129593473415,"N15_FWB_pup_end_2019B",12996449.4045957,1.07057804687152,"N15","DNBSEQ Transcriptome","F20FTSEUHT1199_ARCcdmE","FWB15_N15","FWB15","M",NA,"not sure about delta days","2019","N15_2","N15_2","Day 60","17-02-2020",79,67,"70","blood","FWB","Pup","2","1","1","0","0","0",60,7,2,29,2,"15",2.44827586206897,0.895384047054841
"114",20.5045906054879,22.2767127687064,"N17_FWB_pup_start_2019B",11912095.7467524,0.926284238679144,"N17","DNBSEQ Transcriptome","F20FTSEUHT1199_ARCcdmE","FWB17_N17","FWB17","M",NA,NA,"2019","N17_1","N17_1","Day 0","12-12-2019",12,0,"2to5","blood","FWB","Pup","2","0","0","0","1","1",35,8,0,47,10,"30",1.12765957446809,0.120144311842063
"115",29.7074995353706,55.5371402795657,"N19_FWB_pup_start_2019B",34336802.9647899,1.10218818460702,"N19","DNBSEQ Transcriptome","F20FTSEUHT1199_ARCokaE","FWB19_N19","FWB19","F",NA,NA,"2019","N19_1","N19_1","Day 0","18-12-2019",18,0,"2to5","blood","FWB","Pup","1","0","0","0","1","0",22,18,3,54,3,"39",0.851851851851852,-0.160342650075179
"116",40.1071910574649,-5.64593864821506,"N19_FWB_pup_end_2019B",18232889.1315212,1.13563349391769,"N19","DNBSEQ Transcriptome","F20FTSEUHT1199_ARCcdmE","FWB19_N19","FWB19","F",NA,"not sure about delta days","2019","N19_2","N19_2","Day 60","19-02-2020",81,63,"66","blood","FWB","Pup","2","1","0","0","1","0",47,10,0,34,9,"14",1.94117647058824,0.663294217410264
"117",-4.37437284172904,-7.05227599566779,"N21_FWB_pup_start_2019B",24970819.4443043,1.08293967504372,"N21","DNBSEQ Transcriptome","F20FTSEUHT1199_ARCcdmE","FWB21_N21","FWB21","M",NA,NA,"2019","N21_1","N21_1","Day 0","20-12-2019",20,0,"2to5","blood","FWB","Pup","2","0","0","0","2","0",28,4,0,60,8,"49",0.666666666666667,-0.405465108108164
"118",37.3324472953912,-20.905307466699,"N22_FWB_pup_start_2019B",11580486.0060818,0.933256524429654,"N22","DNBSEQ Transcriptome","F20FTSEUHT1199_ARCcdmE","FWB22_N22","FWB22","F",NA,NA,"2019","N22_1","N22_1","Day 0","20-12-2019",20,0,"2to5","blood","FWB","Pup","5","2","1","0","2","0",25,6,0,65,4,"41",0.538461538461538,-0.619039208406224
"119",49.2794098949758,1.21872922911406,"N22_FWB_pup_end_2019B",16611917.8257251,1.10908804193186,"N22","DNBSEQ Transcriptome","F20FTSEUHT1199_ARCcdmE","FWB22_N22","FWB22","F",NA,"not sure about delta days","2019","N22_2","N22_2","Day 60","22-02-2020",84,64,"67","blood","FWB","Pup","2","1","0","0","1","0",35,9,0,51,5,"52",0.96078431372549,-0.0400053346136991
"120",52.4194287104078,52.0302036671677,"N24_FWB_pup_start_2019B",25394461.5437325,1.08709237892531,"N24","DNBSEQ Transcriptome","F20FTSEUHT1199_ARCcdmE","FWB24_N24","FWB24","M",NA,NA,"2019","N24_1","N24_1","Day 0","20-12-2019",20,0,"2to5","blood","FWB","Pup","1","1","0","0","0","0",39,8,2,49,2,"63",1.04081632653061,0.0400053346136992
"121",5.94946099440396,-22.3811444997802,"N24_FWB_pup_end_2019B",32167706.0652819,1.32040158654312,"N24","DNBSEQ Transcriptome","F20FTSEUHT1199_ARCcdmE","FWB24_N24","FWB24","M",NA,"not sure about delta days","2019","N24_2","N24_2","Day 60","19-03-2020",110,90,"93","blood","FWB","Pup","1","1","0","0","0","0",49,10,0,30,11,"26",2.33333333333333,0.847297860387204
"122",20.0413947994832,32.4789875431383,"N4_FWB_pup_end_2019B",9275391.98984996,0.667984959974709,"N4","DNBSEQ Transcriptome","F20FTSEUHT1199_ARCcdmE","FWB4_N4","FWB4","M",NA,"not sure about age","2019","N4_2","N4_2","Day 60","12-02-2020",74,64,"64","blood","FWB","Pup","8","4","0","0","4","0",43,4,0,47,6,"29",1.12765957446809,0.120144311842063
"123",35.6538084775362,40.1722232847176,"N5_FWB_pup_start_2019B",32214756.9018401,1.26635082420349,"N5","DNBSEQ Transcriptome","F20FTSEUHT1199_ARCcdmE","FWB5_N5","FWB5","M",NA,NA,"2019","N5_1","N5_1","Day 0","10-12-2019",10,0,"2to5","blood","FWB","Pup","7","3","1","0","1","2",56,16,1,18,9,"74",4.55555555555556,1.51634748936809
"124",75.5115525930549,-94.2234229181302,"N5_FWB_pup_end_2019B",32310974.8906821,1.57738909052431,"N5","DNBSEQ Transcriptome","F20FTSEUHT1199_ARCcdmE","FWB5_N5","FWB5","M",NA,"not sure about delta days","2019","N5_2","N5_2","Day 60","21-02-2020",83,73,"76","blood","FWB","Pup","1","1","0","0","0","0",13,6,5,73,3,"30",0.36986301369863,-0.994622575144062
"125",11.7161354235524,65.1652336191754,"N6_FWB_pup_start_2019B",12389457.2559552,0.780214497292959,"N6","DNBSEQ Transcriptome","F20FTSEUHT1199_ARCcdmE","FWB6_N6","FWB6","M",NA,NA,"2019","N6_1","N6_1","Day 0","10-12-2019",10,0,"2to5","blood","FWB","Pup","2","0","0","1","1","0",34,10,8,48,0,"26",1.08333333333333,0.0800427076735364
"126",66.2914157872889,-23.4068396266157,"N6_FWB_pup_end_2019B",31947787.5027104,1.39391354259831,"N6","DNBSEQ Transcriptome","F20FTSEUHT1199_ARCcdmE","FWB6_N6","FWB6","M",NA,"not sure about delta days","2019","N6_2","N6_2","Day 60","10-02-2020",72,62,"65","blood","FWB","Pup","3","0","1","0","2","0",27,12,0,56,5,"26",0.785714285714286,-0.241162056816888
"127",52.9151463297592,27.2225218509638,"N8_FWB_pup_start_2019B",31118252.335056,1.20967928665723,"N8","DNBSEQ Transcriptome","F20FTSEUHT1199_ARCcdmE","FWB8_N8","FWB8","M",NA,NA,"2019","N8_1","N8_1","Day 0","10-12-2019",10,0,"2to5","blood","FWB","Pup","1","0","0","0","1","0",68,4,0,18,10,"44",4.55555555555556,1.51634748936809
"128",81.6970759013717,-6.45714906302912,"N8_FWB_pup_end_2019B",20680622.6655157,1.30370228831889,"N8","DNBSEQ Transcriptome","F20FTSEUHT1199_ARCcdmE","FWB8_N8","FWB8","M",NA,"not sure about delta days","2019","N8_2","N8_2","Day 60","17-02-2020",79,69,"72","blood","FWB","Pup","4","0","1","0","3","0",35,5,0,58,2,"21",0.724137931034483,-0.322773392263051
"129",-174.013828994403,-3.46354137696292,"S14_SSB_mum_start_2018B",5205570.09636317,0.45857364539356,"S14","DNBSEQ Transcriptome","F20FTSEUHT1199_ARCcdmE","S14_H13",NA,"F",NA,NA,"2020","S14_1","S14_1","Day 0","12-12-2018",12,0,NA,"blood","SSB","Mother","7","1","0","0","5","1",36,12,0,47,5,"20",1.12765957446809,0.120144311842063
"130",-89.7644007582332,-69.0119092260645,"S14_SSB_mum_end_2018B",17612132.8856861,0.987761173318774,"S14","DNBSEQ Transcriptome","F20FTSEUHT1199_ARCcdmE","S14_H13",NA,"F",NA,NA,"2020","S14_2","S14_2","Day 60","08-02-2019",70,58,NA,"blood","SSB","Mother","7","3","2","0","1","1",36,20,0,35,9,"20",1.85714285714286,0.619039208406224
"131",-104.572277339176,-25.2835831827889,"S15_SSB_mum_start_2018B",24210363.9143589,0.853258141415041,"S15","DNBSEQ Transcriptome","F20FTSEUHT1199_ARCokaE","S15_H14",NA,"F",NA,NA,"2020","S15_1","S15_1","Day 0","13-12-2018",13,0,NA,"blood","SSB","Mother","3","2","0","0","0","1",40,11,3,36,10,"17",1.77777777777778,0.575364144903562
"132",-130.939186900699,-82.1449886457571,"S15_SSB_mum_end_2018B",3848876.77564036,0.735061646261575,"S15","DNBSEQ Transcriptome","F20FTSEUHT1199_ARCcdmE","S15_H14",NA,"F",NA,NA,"2020","S15_2","S15_2","Day 60","07-02-2019",69,56,NA,"blood","SSB","Mother","9","3","0","0","6","0",33,12,0,48,7,"16",1.08333333333333,0.0800427076735364
"133",26.1079982693632,-34.3541711187591,"S16_SSB_mum_end_2018",11833407.2195809,0.998862178055855,"S16","BGISEQ-500 Transcriptome","F20FTSEUHT0820_ARCbfrE","S16_H15",NA,"F",NA,NA,"2020","S16_2","S16_2","Day 60","07-02-2019",69,NA,NA,"blood","SSB","Mother","8","2","0","0","6","0",49,4,0,35,12,"16",1.85714285714286,0.619039208406224
"134",-100.908768725774,22.3307261253025,"S17_SSB_mum_start_2018B",12345055.5151831,0.749469876431516,"S17","DNBSEQ Transcriptome","F20FTSEUHT1199_ARCuueE","S17_H16",NA,"F",NA,NA,"2020","S17_1","S17_1","Day 0","14-12-2018",14,0,NA,"blood","SSB","Mother","5","2","1","0","2","0",44,15,0,37,4,"15",1.7027027027027,0.532216813747308
"135",-45.1196056038221,-62.1808902146505,"S17_SSB_mum_end_2018B",14840246.8611064,0.950640686418433,"S17","DNBSEQ Transcriptome","F20FTSEUHT1199_ARCcdmE","S17_H16",NA,"F",NA,NA,"2020","S17_2","S17_2","Day 60","15-02-2019",77,63,NA,"blood","SSB","Mother","4","0","0","0","4","0",23,8,0,64,5,"21",0.5625,-0.575364144903562
"136",-101.364156084971,20.2303072257034,"S18_SSB_mum_start_2018B",10260240.0128349,0.785603734233778,"S18","DNBSEQ Transcriptome","F20FTSEUHT1199_ARCcdmE","S18_H17",NA,"F",NA,NA,"2020","S18_1","S18_1","Day 0","15-12-2018",15,0,NA,"blood","SSB","Mother","3","1","2","0","0","0",47,8,0,37,8,"25",1.7027027027027,0.532216813747308
"137",-38.9999516408183,-21.0231877520802,"S18_SSB_mum_end_2018B",15358226.7584259,0.993574082658477,"S18","DNBSEQ Transcriptome","F20FTSEUHT1199_ARCcdmE","S18_H17",NA,"F",NA,NA,"2020","S18_2","S18_2","Day 60","12-02-2019",74,59,NA,"blood","SSB","Mother","1","1","0","0","0","0",40,3,0,48,9,"41",1.08333333333333,0.0800427076735364
"138",-133.361737625219,-57.5448289369473,"S19_SSB_mum_start_2018B",6415211.99204615,0.617377737411255,"S19","DNBSEQ Transcriptome","F20FTSEUHT1199_ARCcdmE","S19_H18",NA,"F",NA,NA,"2020","S19_1","S19_1","Day 0","16-12-2018",16,0,NA,"blood","SSB","Mother","3","1","0","0","2","0",37,4,3,47,9,"31",1.12765957446809,0.120144311842063
"139",-59.6372747365445,-79.5527882897972,"S19_SSB_mum_end_2018B",9614552.13418242,0.574434348779787,"S19","DNBSEQ Transcriptome","F20FTSEUHT1199_ARCcdmE","S19_H18",NA,"F",NA,NA,"2020","S19_2","S19_2","Day 60","13-02-2019",75,59,NA,"blood","SSB","Mother","5","5","0","0","0","0",60,2,0,34,4,"30",1.94117647058824,0.663294217410264
"140",-76.026910725989,-0.222129233106821,"S2_SSB_mum_start_2018B",14747063.210964,0.815156884893603,"S2","DNBSEQ Transcriptome","F20FTSEUHT1199_ARCcdmE","S2_H3",NA,"F",NA,NA,"2020","S2_1","S2_1","Day 0","05-12-2018",5,0,NA,"blood","SSB","Mother","8","6","2","0","0","0",61,19,0,17,3,"13",4.88235294117647,1.58562726374038
"141",-37.3050439869497,-23.0584659388139,"S2_SSB_mum_end_2018B",9868533.15072408,0.686167500942598,"S2","DNBSEQ Transcriptome","F20FTSEUHT1199_ARCcdmE","S2_H3",NA,"F",NA,NA,"2020","S2_2","S2_2","Day 60","06-02-2019",68,63,NA,"blood","SSB","Mother","6","2","0","0","4","0",31,2,0,64,3,"27",0.5625,-0.575364144903562
"142",13.6022948202419,22.3152997672878,"S20_SSB_mum_start_2018B",29223160.2478318,1.20129206217457,"S20","DNBSEQ Transcriptome","F20FTSEUHT1199_ARCuueE","S20_H19",NA,"F",NA,NA,"2020","S20_1","S20_1","Day 0","16-12-2018",16,0,NA,"blood","SSB","Mother","6","5","1","0","0","0",44,17,0,36,3,"21",1.77777777777778,0.575364144903562
"143",-69.5589391690666,50.0514868642908,"S21_SSB_mum_start_2018B",28598677.4851512,0.87659741714416,"S21","DNBSEQ Transcriptome","F20FTSEUHT1199_ARCcdmE","S21_H20",NA,"F",NA,NA,"2020","S21_1","S21_1","Day 0","23-12-2018",23,0,NA,"blood","SSB","Mother","4","3","1","0","0","0",76,10,0,12,2,"48",7.33333333333333,1.99243016469021
"144",57.6019504916182,7.67069441134646,"S21_SSB_mum_end_2018B",24249743.5303919,1.26648139064231,"S21","DNBSEQ Transcriptome","F20FTSEUHT1199_ARCuueE","S21_H20",NA,"F",NA,NA,"2020","S21_2","S21_2","Day 60","15-02-2019",77,54,NA,"blood","SSB","Mother","5","3","1","0","1","0",51,12,0,31,6,"30",2.2258064516129,0.800119300112113
"145",51.4607856156808,96.5861209754182,"S23_SSB_mum_start_2018B",24277254.0493467,1.0650299594144,"S23","DNBSEQ Transcriptome","F20FTSEUHT1199_ARCcdmE","S23_H22",NA,"F",NA,NA,"2020","S23_1","S23_1","Day 0","25-12-2018",25,0,NA,"blood","SSB","Mother","3","1","0","0","2","0",27,1,0,70,2,"44",0.428571428571429,-0.847297860387204
"146",39.8252070782981,-8.76852425480465,"S23_SSB_mum_end_2018B",21209993.4607415,1.19221478596238,"S23","DNBSEQ Transcriptome","F20FTSEUHT1199_ARCcdmE","S23_H22",NA,"F",NA,NA,"2020","S23_2","S23_2","Day 60","11-02-2019",73,48,NA,"blood","SSB","Mother","4","3","1","0","0","0",40,7,0,46,7,"12",1.17391304347826,0.160342650075179
"147",-90.8352874522713,94.5981707124578,"S6_SSB_mum_start_2018B",29494950.526051,0.815396856360446,"S6","DNBSEQ Transcriptome","F20FTSEUHT1199_ARCcdmE","S6_H6",NA,"F",NA,NA,"2020","S6_1","S6_1","Day 0","07-12-2018",7,0,NA,"blood","SSB","Mother","0","0","0","0","0","0",62,8,1,23,6,"50",3.34782608695652,1.20831120592453
"148",-122.96249551674,-16.1836569311062,"S7_SSB_mum_start_2018B",8221917.16502391,0.694279014936985,"S7","DNBSEQ Transcriptome","F20FTSEUHT1199_ARCcdmE","S7_H7",NA,"F",NA,NA,"2020","S7_1","S7_1","Day 0","08-12-2018",8,0,NA,"blood","SSB","Mother","5","0","1","0","4","0",21,3,0,72,4,"32",0.388888888888889,-0.944461608840851
"149",34.6077063377345,-28.9915116193653,"S7_SSB_mum_end_2018B",26343785.5572147,1.20821942452123,"S7","DNBSEQ Transcriptome","F20FTSEUHT1199_ARCcdmE","S7_H7",NA,"F",NA,NA,"2020","S7_2","S7_2","Day 60","11-02-2019",73,65,NA,"blood","SSB","Mother","8","2","0","0","4","2",33,4,0,47,16,"17",1.12765957446809,0.120144311842063
"150",-116.697946782053,-3.08562035120592,"S9_SSB_mum_start_2018B",21997123.4685153,0.809432509705715,"S9","DNBSEQ Transcriptome","F20FTSEUHT1199_ARCcdmE","S9_H8",NA,"F",NA,NA,"2020","S9_1","S9_1","Day 0","09-12-2018",9,0,NA,"blood","SSB","Mother","1","1","0","0","0","0",64,10,3,22,1,"40",3.54545454545455,1.26566637333128
"151",59.9277651054633,1.06446307058644,"S9_SSB_mum_end_2018B",29555894.8337753,1.38290755565067,"S9","DNBSEQ Transcriptome","F20FTSEUHT1199_ARCcdmE","S9_H8",NA,"F",NA,NA,"2020","S9_2","S9_2","Day 60","19-02-2019",81,72,NA,"blood","SSB","Mother","7","2","1","0","3","1",46,11,0,28,15,"22",2.57142857142857,0.944461608840852
"152",-65.7141735566752,29.4464965297818,"SSB15_SSB_mum_start_2019B",7605037.47210401,0.683510035974979,"SSB15","DNBSEQ Transcriptome","F20FTSEUHT1199_ARCcdmE","SSB15_T15",NA,"F",NA,NA,"2019","SSB15_1","SSB15_1","Day 0","11-12-2019",11,0,NA,"blood","SSB","Mother","2","1","0","0","1","0",37,4,0,53,6,"23",0.886792452830189,-0.120144311842063
"153",43.7426610069933,-13.152509062788,"SSB15_SSB_mum_end_2019B",11931122.7537231,1.10778355734433,"SSB15","DNBSEQ Transcriptome","F20FTSEUHT1199_ARCcdmE","SSB15_T15",NA,"F",NA,NA,"2019","SSB15_2","SSB15_2","Day 60","10-02-2020",72,61,NA,"blood","SSB","Mother","6","1","1","1","3","0",48,4,2,34,12,"13",1.94117647058824,0.663294217410264
"154",-54.9978380912907,84.5269206741376,"SSB16_SSB_mum_start_2019B",19110332.9833786,0.762403953460891,"SSB16","DNBSEQ Transcriptome","F20FTSEUHT1199_ARCutzE","SSB16_T16",NA,"F",NA,NA,"2019","SSB16_1","SSB16_1","Day 0","16-12-2019",16,0,NA,"blood","SSB","Mother","9","8","1","0","0","0",66,14,3,11,6,"8",8.09090909090909,2.09074109693377
"155",57.9525768749783,-6.00718667743977,"SSB16_SSB_mum_end_2019B",18812288.6478354,1.303434361766,"SSB16","DNBSEQ Transcriptome","F20FTSEUHT1199_ARCcdmE","SSB16_T16",NA,"F",NA,NA,"2019","SSB16_2","SSB16_2","Day 60","23-02-2020",85,69,NA,"blood","SSB","Mother","10","8","0","0","0","2",45,13,0,34,8,"16",1.94117647058824,0.663294217410264
"156",-13.0938635120345,63.85714714971,"SSB2_SSB_mum_start_2019B",12808913.624956,0.907728985872297,"SSB2","DNBSEQ Transcriptome","F20FTSEUHT1199_ARCcdmE","SSB2_T2",NA,"F",NA,NA,"2019","SSB2_1","SSB2_1","Day 0","02-12-2019",2,0,NA,"blood","SSB","Mother","1","1","0","0","0","0",48,10,6,29,7,"46",2.44827586206897,0.895384047054841
"157",47.0694587029014,6.34907079764609,"SSB2_SSB_mum_end_2019B",21127160.9629034,1.30416976927215,"SSB2","DNBSEQ Transcriptome","F20FTSEUHT1199_ARCcdmE","SSB2_T2",NA,"F",NA,NA,"2019","SSB2_2","SSB2_2","Day 60","04-02-2020",66,64,NA,"blood","SSB","Mother","2","1","0","0","0","1",37,17,0,35,11,"67",1.85714285714286,0.619039208406224
"158",-86.4320009507678,50.7563087310689,"SSB20_SSB_mum_start_2019B",13011752.9465809,0.797847471145675,"SSB20","DNBSEQ Transcriptome","F20FTSEUHT1199_ARCcdmE","SSB20_T20",NA,"F",NA,NA,"2019","SSB20_1","SSB20_1","Day 0","21-12-2019",21,0,NA,"blood","SSB","Mother","3","3","0","0","0","0",66,13,3,12,6,"34",7.33333333333333,1.99243016469021
"159",-28.9759981859186,36.0608625865401,"SSB21_SSB_mum_start_2019B",16789241.6751728,0.916510092138287,"SSB21","DNBSEQ Transcriptome","F20FTSEUHT1199_ARCcdmE","SSB21_T21",NA,"F",NA,NA,"2019","SSB21_1","SSB21_1","Day 0","21-12-2019",21,0,NA,"blood","SSB","Mother","3","0","1","0","2","0",16,6,0,73,5,"28",0.36986301369863,-0.994622575144062
"160",-31.0633912125378,-23.6699795478053,"SSB21_SSB_mum_end_2019B",16640795.9665386,0.9583527793487,"SSB21","DNBSEQ Transcriptome","F20FTSEUHT1199_ARCcdmE","SSB21_T21",NA,"F",NA,NA,"2019","SSB21_2","SSB21_2","Day 60","27-01-2020",58,NA,NA,"blood","SSB","Mother","4","2","0","0","2","0",20,8,1,66,5,"20",0.515151515151515,-0.663294217410264
"161",15.9428659468155,72.3626830391917,"SSB6_SSB_mum_start_2019B",26182095.8637528,0.964548114765799,"SSB6","DNBSEQ Transcriptome","F20FTSEUHT1199_ARCcdmE","SSB6_T6",NA,"F",NA,NA,"2019","SSB6_1","SSB6_1","Day 0","04-12-2019",4,0,NA,"blood","SSB","Mother","4","2","0","0","2","0",48,14,2,32,4,"20",2.125,0.75377180237638
"162",14.4612857276954,-5.52573501114185,"SSB6_SSB_mum_end_2019B",19935891.5779678,1.13682642554066,"SSB6","DNBSEQ Transcriptome","F20FTSEUHT1199_ARCcdmE","SSB6_T6",NA,"F",NA,NA,"2019","SSB6_2","SSB6_2","Day 60","27-02-2020",89,85,NA,"blood","SSB","Mother","3","2","1","0","0","0",36,12,1,46,5,"18",1.17391304347826,0.160342650075179
"163",24.8378420373552,64.9295350866614,"SSB7_SSB_mum_start_2019B",26851199.2605079,1.06424344348885,"SSB7","DNBSEQ Transcriptome","F20FTSEUHT1199_ARCutzE","SSB7_T7",NA,"F",NA,NA,"2019","SSB7_1","SSB7_1","Day 0","05-12-2019",5,0,NA,"blood","SSB","Mother","5","3","0","0","1","1",66,2,4,23,5,"18",3.34782608695652,1.20831120592453
"164",41.1322857347244,-16.0768521408424,"SSB7_SSB_mum_end_2019B",25157260.1779251,1.32895326167528,"SSB7","DNBSEQ Transcriptome","F20FTSEUHT1199_ARCcdmE","SSB7_T7",NA,"F",NA,NA,"2019","SSB7_2","SSB7_2","Day 60","06-02-2020",68,63,NA,"blood","SSB","Mother","1","0","0","0","0","1",42,9,4,36,9,"25",1.77777777777778,0.575364144903562
"165",19.001673404353,47.7683541125894,"SSB9_SSB_mum_start_2019B",18622596.7450864,1.03777227327945,"SSB9","DNBSEQ Transcriptome","F20FTSEUHT1199_ARCcdmE","SSB9_T9",NA,"F",NA,NA,"2019","SSB9_1","SSB9_1","Day 0","06-12-2019",6,0,NA,"blood","SSB","Mother","4","2","0","0","1","1",48,7,0,37,8,"18",1.7027027027027,0.532216813747308
"166",27.6367783889881,-49.4834137450924,"SSB9_SSB_mum_end_2019B",22283029.3182377,1.32832172411151,"SSB9","DNBSEQ Transcriptome","F20FTSEUHT1199_ARCcdmE","SSB9_T9",NA,"F",NA,NA,"2019","SSB9_2","SSB9_2","Day 60","04-03-2020",95,89,NA,"blood","SSB","Mother","4","0","2","0","2","0",33,12,4,45,6,"23",1.22222222222222,0.200670695462151
"167",-13.9449933660882,53.3683105433591,"T15_SSB_pup_start_2019B",32574664.9308478,1.01896723428503,"T15","DNBSEQ Transcriptome","F20FTSEUHT1199_ARCcdmE","SSB15_T15","SSB15","F","08-12-2019",NA,"2019","T15_1","T15_1","Day 0","11-12-2019",11,0,"3","blood","SSB","Pup","6","1","0","0","4","1",37,10,1,44,8,"24",1.27272727272727,0.241162056816888
"168",36.8647073826631,-26.7000732998821,"T15_SSB_pup_end_2019B",13709522.9449307,1.01001528731115,"T15","DNBSEQ Transcriptome","F20FTSEUHT1199_ARCokaE","SSB15_T15","SSB15","F","08-12-2019",NA,"2019","T15_2","T15_2","Day 60","10-02-2020",72,61,"64","blood","SSB","Pup","5","3","0","0","2","0",46,2,1,46,5,"21",1.17391304347826,0.160342650075179
"169",-12.0900267561471,25.2049096345626,"T16_SSB_pup_start_2019B",12625450.256994,0.84035225902751,"T16","DNBSEQ Transcriptome","F20FTSEUHT1199_ARCcdmE","SSB16_T16","SSB16","M","12-12-2019",NA,"2019","T16_1","T16_1","Day 0","16-12-2019",16,0,"4","blood","SSB","Pup","6","4","2","0","0","0",42,11,0,46,1,"14",1.17391304347826,0.160342650075179
"170",55.2928186425339,-27.6650872700944,"T16_SSB_pup_end_2019B",12943845.9777675,1.0381484760659,"T16","DNBSEQ Transcriptome","F20FTSEUHT1199_ARCcdmE","SSB16_T16","SSB16","M","12-12-2019",NA,"2019","T16_2","T16_2","Day 60","23-02-2020",85,69,"73","blood","SSB","Pup","4","1","0","0","3","0",36,7,1,53,3,"14",0.886792452830189,-0.120144311842063
"171",9.76402951608006,26.9221268072083,"T2_SSB_pup_start_2019B",28694461.170441,1.12165289963265,"T2","DNBSEQ Transcriptome","F20FTSEUHT1199_ARCutzE","SSB2_T2","SSB2","F","28-11-2019",NA,"2019","T2_1","T2_1","Day 0","02-12-2019",2,0,"4","blood","SSB","Pup","2","0","0","0","2","0",35,9,0,50,6,"38",1,0
"172",43.8447975291935,3.90615428889717,"T2_SSB_pup_end_2019B",10712111.0024735,0.990236730181942,"T2","DNBSEQ Transcriptome","F20FTSEUHT1199_ARCcdmE","SSB2_T2","SSB2","F","28-11-2019",NA,"2019","T2_2","T2_2","Day 60","04-02-2020",66,64,"68","blood","SSB","Pup","5","3","0","0","2","0",56,2,0,40,2,"23",1.5,0.405465108108164
"173",61.2548720065477,-0.672133841908345,"T20_SSB_pup_end_2019B",28103409.5109173,1.31295424100702,"T20","DNBSEQ Transcriptome","F20FTSEUHT1199_ARCcdmE","SSB20_T20","SSB20","M","18-12-2019",NA,"2019","T20_2","T20_2","Day 60","03-03-2020",94,73,"76","blood","SSB","Pup","4","4","0","0","0","0",75,1,1,22,1,"18",3.54545454545455,1.26566637333128
"174",17.374161848725,28.0696041989141,"T21_SSB_pup_start_2019B",19826213.7166138,1.01971706262165,"T21","DNBSEQ Transcriptome","F20FTSEUHT1199_ARCutzE","SSB21_T21","SSB21",NA,NA,"this pup is not in the epi study so I might not have all info","2019","T21_1","T21_1","Day 0","21-12-2019",21,0,"2to5","blood","SSB","Pup","1","0","0","0","1","0",32,12,0,44,12,"58",1.27272727272727,0.241162056816888
"175",54.6878297394921,38.5268912978426,"T6_SSB_pup_start_2019B",32183801.4131941,1.14907836063896,"T6","DNBSEQ Transcriptome","F20FTSEUHT1199_ARCcdmE","SSB6_T6","SSB6","F","30-11-2019",NA,"2019","T6_1","T6_1","Day 0","04-12-2019",4,0,"4","blood","SSB","Pup","6","5","0","0","1","0",55,3,3,38,1,"19",1.63157894736842,0.489548225318706
"176",35.702532951959,-36.9930825114246,"T6_SSB_pup_end_2019B",32191606.1878461,1.40042566458507,"T6","DNBSEQ Transcriptome","F20FTSEUHT1199_ARCcdmE","SSB6_T6","SSB6","F","30-11-2019",NA,"2019","T6_2","T6_2","Day 60","27-02-2020",89,85,"89","blood","SSB","Pup","0","0","0","0","0","0",31,2,0,55,12,"86",0.818181818181818,-0.200670695462151
"177",-8.73717837589705,-16.0269902394589,"T7_SSB_pup_start_2019B",10905276.6130243,0.842896074169668,"T7","DNBSEQ Transcriptome","F20FTSEUHT1199_ARCcdmE","SSB7_T7","SSB7","F","30-11-2019",NA,"2019","T7_1","T7_1","Day 0","05-12-2019",5,0,"5","blood","SSB","Pup","3","0","0","0","1","2",32,5,0,49,14,"17",1.04081632653061,0.0400053346136992
"178",55.6120957348331,-10.8158194223655,"T7_SSB_pup_end_2019B",18307563.0738233,1.19380273736432,"T7","DNBSEQ Transcriptome","F20FTSEUHT1199_ARCcdmE","SSB7_T7","SSB7","F","30-11-2019",NA,"2019","T7_2","T7_2","Day 60","06-02-2020",68,63,"68","blood","SSB","Pup","6","0","0","0","6","0",16,5,1,76,2,"17",0.315789473684211,-1.15267950993839
"179",29.4686910553818,3.82980906713692,"T8_SSB_pup_start_2019B",19528043.7340773,1.15357113134575,"T8","DNBSEQ Transcriptome","F20FTSEUHT1199_ARCcdmE","SSB8_T8","SSB8","M","02-12-2019",NA,"2019","T8_1","T8_1","Day 0","05-12-2019",5,0,"3","blood","SSB","Pup","9","5","1","0","3","0",51,9,1,34,5,"12",1.94117647058824,0.663294217410264
"180",75.0851726576748,-14.7759488631354,"T8_SSB_pup_end_2019B",18085971.1769225,1.32858873681295,"T8","DNBSEQ Transcriptome","F20FTSEUHT1199_ARCcdmE","SSB8_T8","SSB8","M","02-12-2019",NA,"2019","T8_2","T8_2","Day 60","18-02-2020",80,75,"78","blood","SSB","Pup","6","2","3","0","1","0",51,10,0,33,6,"13",2.03030303030303,0.708185057924486
"181",-0.957798673083256,24.1387533863803,"T9_SSB_pup_start_2019B",23396692.5767092,0.889013175146501,"T9","DNBSEQ Transcriptome","F20FTSEUHT1199_ARCcdmE","SSB9_T9","SSB9","F","02-12-2019",NA,"2019","T9_1","T9_1","Day 0","06-12-2019",6,0,"4","blood","SSB","Pup","4","2","0","0","2","0",44,11,3,35,7,"19",1.85714285714286,0.619039208406224
"182",85.0382989584077,-49.7319368574381,"T9_SSB_pup_end_2019B",30937772.0378406,1.56679711897955,"T9","DNBSEQ Transcriptome","F20FTSEUHT1199_ARCcdmE","SSB9_T9","SSB9","F","02-12-2019",NA,"2019","T9_2","T9_2","Day 60","04-03-2020",95,89,"93","blood","SSB","Pup","3","2","0","0","1","0",41,18,4,32,5,"23",2.125,0.75377180237638
