"","PC1","PC2","SampleID","lib.size","norm.factors","Sample","ID","rna_lib_type","rna_batch","pair","mother","sex","date_birth","remark","year","ID_tp","ID_tp.1","group","sample_collection_date","sample_collection_Dec_days","delta_days_samples","age_days","tissue","colony","life_history_stage"
"C1_FWB_pup_start_2018A",-0.268134834883911,-29.0067558772259,"C1_FWB_pup_start_2018A",11886510.0275422,0.725878592273567,"C1_FWB_pup_start_2018A","C1","DNBSEQ Transcriptome","F20FTSEUHT1199_ARCcdmE","F1_C1","F1","M",NA,NA,"2018_2019","C1_1","C1_1","1","10-12-2018",10,0,"2to5","blood","FWB","Pup"
"C1_FWB_pup_end_2018B",-66.6541998133714,-36.9599336086749,"C1_FWB_pup_end_2018B",30842738.6170758,1.43403534561864,"C1_FWB_pup_end_2018B","C1","DNBSEQ Transcriptome","F20FTSEUHT1199_ARCcdmE","F1_C1","F1","M",NA,"not sure about delta days","2018_2019","C1_2","C1_2","2","02-02-2019",64,54,"57","blood","FWB","Pup"
"C11_FWB_pup_start_2018B",-75.8559064577474,6.69048256883733,"C11_FWB_pup_start_2018B",29668353.4273468,1.48045211698226,"C11_FWB_pup_start_2018B","C11","DNBSEQ Transcriptome","F20FTSEUHT1199_ARCcdmE","F11_C11","F11","F",NA,NA,"2018_2019","C11_1","C11_1","1","18-12-2018",18,0,"2to5","blood","FWB","Pup"
"C14_FWB_pup_start_2018B",40.8282666117971,25.7183467114514,"C14_FWB_pup_start_2018B",13656587.6967012,0.625500060009237,"C14_FWB_pup_start_2018B","C14","DNBSEQ Transcriptome","F20FTSEUHT1199_ARCutzE","F14_C14","F14","M",NA,NA,"2018_2019","C14_1","C14_1","1","20-12-2018",20,0,"2to5","blood","FWB","Pup"
"C14_FWB_pup_end_2018B",-32.4258192780932,14.8794283600634,"C14_FWB_pup_end_2018B",23105004.4878128,1.12613203334802,"C14_FWB_pup_end_2018B","C14","DNBSEQ Transcriptome","F20FTSEUHT1199_ARCcdmE","F14_C14","F14","M",NA,"not sure about delta days","2018_2019","C14_2","C14_2","2","07-02-2019",69,49,"52","blood","FWB","Pup"
"C15_FWB_pup_start_2018B",-29.2067145662863,44.3371414696996,"C15_FWB_pup_start_2018B",30793930.6285769,1.24101904852607,"C15_FWB_pup_start_2018B","C15","DNBSEQ Transcriptome","F20FTSEUHT1199_ARCcdmE","F15_C15","F15","M",NA,NA,"2018_2019","C15_1","C15_1","1","20-12-2018",20,0,"2to5","blood","FWB","Pup"
"C16_FWB_pup_start_2018B",-4.20730393789313,6.6900342466337,"C16_FWB_pup_start_2018B",30943331.5637802,1.21063590397825,"C16_FWB_pup_start_2018B","C16","DNBSEQ Transcriptome","F20FTSEUHT1199_ARCuueE","F16_C16","F16","M",NA,NA,"2018_2019","C16_1","C16_1","1","20-12-2018",20,0,"2to5","blood","FWB","Pup"
"C17_FWB_pup_start_2018B",-60.8253598043666,9.38270227761237,"C17_FWB_pup_start_2018B",28984294.5905652,1.29837308695628,"C17_FWB_pup_start_2018B","C17","DNBSEQ Transcriptome","F20FTSEUHT1199_ARCcdmE","F17_C17","F17","M",NA,NA,"2018_2019","C17_1","C17_1","1","20-12-2018",20,0,"2to5","blood","FWB","Pup"
"C17_FWB_pup_end_2018B",-38.1431339514762,-37.3284973763307,"C17_FWB_pup_end_2018B",26121967.507918,1.39635204733313,"C17_FWB_pup_end_2018B","C17","DNBSEQ Transcriptome","F20FTSEUHT1199_ARCcdmE","F17_C17","F17","M",NA,"not sure about delta days","2018_2019","C17_2","C17_2","2","11-02-2019",73,53,"56","blood","FWB","Pup"
"C18_FWB_pup_start_2018B",-30.7036223124258,25.1527688913028,"C18_FWB_pup_start_2018B",28480519.3159153,1.15699943777404,"C18_FWB_pup_start_2018B","C18","DNBSEQ Transcriptome","F20FTSEUHT1199_ARCutzE","F18_C18","F18","F",NA,NA,"2018_2019","C18_1","C18_1","1","20-12-2018",20,0,"2to5","blood","FWB","Pup"
"C18_FWB_pup_end_2018B",-3.56316555054179,-57.0370428480327,"C18_FWB_pup_end_2018B",31953589.0098181,1.2693083693144,"C18_FWB_pup_end_2018B","C18","DNBSEQ Transcriptome","F20FTSEUHT1199_ARCcdmE","F18_C18","F18","F",NA,"not sure about delta days","2018_2019","C18_2","C18_2","2","11-02-2019",73,53,"56","blood","FWB","Pup"
"C19_FWB_pup_start_2018B",-45.306530586529,29.5785657381973,"C19_FWB_pup_start_2018B",27696566.0695207,1.19131726063452,"C19_FWB_pup_start_2018B","C19","DNBSEQ Transcriptome","F20FTSEUHT1199_ARCcdmE","F19_C19","F19","F",NA,NA,"2018_2019","C19_1","C19_1","1","20-12-2018",20,0,"2to5","blood","FWB","Pup"
"C19_FWB_pup_end_2018B",-16.8405453062619,-29.2128741653423,"C19_FWB_pup_end_2018B",8021022.94129344,0.914380798842605,"C19_FWB_pup_end_2018B","C19","DNBSEQ Transcriptome","F20FTSEUHT1199_ARCcdmE","F19_C19","F19","F",NA,"not sure about delta days","2018_2019","C19_2","C19_2","2","05-02-2019",67,47,"50","blood","FWB","Pup"
"C21_FWB_pup_start_2018",-64.552537770789,59.353278637892,"C21_FWB_pup_start_2018",11482968.0784298,1.05104646505335,"C21_FWB_pup_start_2018","C21","BGISEQ-500 Transcriptome","F20FTSEUHT0820_ARCbfrE","F21_C21","F21","M",NA,NA,"2018_2019","C21_1","C21_1","1","21-12-2018",21,0,"2to5","blood","FWB","Pup"
"C24_FWB_pup_start_2018B",8.9372729955292,8.61693110115749,"C24_FWB_pup_start_2018B",30158548.3303977,1.17511611046887,"C24_FWB_pup_start_2018B","C24","DNBSEQ Transcriptome","F20FTSEUHT1199_ARCcdmE","F24_C24","F24","M",NA,NA,"2018_2019","C24_1","C24_1","1","21-12-2018",21,0,"2to5","blood","FWB","Pup"
"C24_FWB_pup_end_2018B",67.9656791877234,-40.7703507917897,"C24_FWB_pup_end_2018B",20914490.809852,0.981546762608676,"C24_FWB_pup_end_2018B","C24","DNBSEQ Transcriptome","F20FTSEUHT1199_ARCcdmE","F24_C24","F24","M",NA,"not sure about delta days","2018_2019","C24_2","C24_2","2","17-02-2019",79,58,"61","blood","FWB","Pup"
"C5_FWB_pup_start_2018B",25.9003341470294,-66.924880513575,"C5_FWB_pup_start_2018B",16022472.9784813,1.06357080283826,"C5_FWB_pup_start_2018B","C5","DNBSEQ Transcriptome","F20FTSEUHT1199_ARCutzE","F5_C5","F5","M",NA,NA,"2018_2019","C5_1","C5_1","1","14-12-2018",14,0,"2to5","blood","FWB","Pup"
"C5_FWB_pup_end_2018B",-13.462780551039,-55.5975752573311,"C5_FWB_pup_end_2018B",16849955.8609979,1.20539419729031,"C5_FWB_pup_end_2018B","C5","DNBSEQ Transcriptome","F20FTSEUHT1199_ARCuueE","F5_C5","F5","M",NA,"not sure about delta days","2018_2019","C5_2","C5_2","2","09-02-2019",71,57,"60","blood","FWB","Pup"
"C6_FWB_pup_start_2018B",-60.6704751843339,18.8317688182502,"C6_FWB_pup_start_2018B",25908766.361214,1.23045300780754,"C6_FWB_pup_start_2018B","C6","DNBSEQ Transcriptome","F20FTSEUHT1199_ARCcdmE","F6_C6","F6","F",NA,NA,"2018_2019","C6_1","C6_1","1","15-12-2018",15,0,"2to5","blood","FWB","Pup"
"C6_FWB_pup_end_2018B",-51.4204911227407,-16.1148115371513,"C6_FWB_pup_end_2018B",30044033.416216,1.34426173187232,"C6_FWB_pup_end_2018B","C6","DNBSEQ Transcriptome","F20FTSEUHT1199_ARCcdmE","F6_C6","F6","F",NA,"not sure about delta days","2018_2019","C6_2","C6_2","2","06-02-2019",68,53,"56","blood","FWB","Pup"
"C7_FWB_pup_start_2018B",25.0739588091258,25.1855727987956,"C7_FWB_pup_start_2018B",31935402.974788,0.951719533264953,"C7_FWB_pup_start_2018B","C7","DNBSEQ Transcriptome","F20FTSEUHT1199_ARCcdmE","F7_C7","F7","M",NA,"not sure about age","2018_2019","C7_1","C7_1","1","17-12-2018",17,0,"2to5","blood","FWB","Pup"
"C7_FWB_pup_end_2018B",-61.0734243445559,-38.0850357802185,"C7_FWB_pup_end_2018B",20360652.5548882,1.28883656714114,"C7_FWB_pup_end_2018B","C7","DNBSEQ Transcriptome","F20FTSEUHT1199_ARCcdmE","F7_C7","F7","M",NA,"not sure about age","2018_2019","C7_2","C7_2","2","16-02-2019",78,61,"64","blood","FWB","Pup"
"C8_FWB_pup_start_2018B",1.42935805977957,-7.83053341652412,"C8_FWB_pup_start_2018B",13826993.1490199,0.964421838923025,"C8_FWB_pup_start_2018B","C8","DNBSEQ Transcriptome","F20FTSEUHT1199_ARCcdmE","F8_C8","F8","M",NA,NA,"2018_2019","C8_1","C8_1","1","17-12-2018",17,0,"2to5","blood","FWB","Pup"
"C8_FWB_pup_end_2018B",37.6058267794171,-73.2768206410149,"C8_FWB_pup_end_2018B",20147762.3944172,1.19512846474664,"C8_FWB_pup_end_2018B","C8","DNBSEQ Transcriptome","F20FTSEUHT1199_ARCutzE","F8_C8","F8","M",NA,"not sure about delta days","2018_2019","C8_2","C8_2","2","07-02-2019",69,52,"55","blood","FWB","Pup"
"C9_FWB_pup_start_2018B",-14.9638723040208,0.809412975112316,"C9_FWB_pup_start_2018B",11605594.5706166,1.10002373012803,"C9_FWB_pup_start_2018B","C9","DNBSEQ Transcriptome","F20FTSEUHT1199_ARCcdmE","F9_C9","F9","M",NA,NA,"2018_2019","C9_1","C9_1","1","17-12-2018",17,0,"2to5","blood","FWB","Pup"
"C9_FWB_pup_end_2018B",6.25305166189637,-73.14413329732,"C9_FWB_pup_end_2018B",7643041.47661679,0.768172414198423,"C9_FWB_pup_end_2018B","C9","DNBSEQ Transcriptome","F20FTSEUHT1199_ARCcdmE","F9_C9","F9","M",NA,"not sure about delta days","2018_2019","C9_2","C9_2","2","06-02-2019",68,51,"54","blood","FWB","Pup"
"F1_FWB_mum_start_2018B",71.223675974066,19.6540843736847,"F1_FWB_mum_start_2018B",21746528.1363803,0.91054947598692,"F1_FWB_mum_start_2018B","F1","DNBSEQ Transcriptome","F20FTSEUHT1199_ARCuueE","F1_C1",NA,"F",NA,NA,"2018_2019","F1_1","F1_1","1","10-12-2018",10,0,NA,"blood","FWB","Mother"
"F1_FWB_mum_end_2018B",-71.4925518164796,-1.01898546384804,"F1_FWB_mum_end_2018B",20717153.2014844,1.293086199056,"F1_FWB_mum_end_2018B","F1","DNBSEQ Transcriptome","F20FTSEUHT1199_ARCcdmE","F1_C1",NA,"F",NA,NA,"2018_2019","F1_2","F1_2","2","02-02-2019",64,54,NA,"blood","FWB","Mother"
"F11_FWB_mum_start_2018B",-43.4142099314299,91.0285840676555,"F11_FWB_mum_start_2018B",29242985.8296551,1.22630085153026,"F11_FWB_mum_start_2018B","F11","DNBSEQ Transcriptome","F20FTSEUHT1199_ARCcdmE","F11_C11",NA,"F",NA,NA,"2018_2019","F11_1","F11_1","1","18-12-2018",18,0,NA,"blood","FWB","Mother"
"F11_FWB_mum_end_2018B",65.2059285426089,-16.1336224322396,"F11_FWB_mum_end_2018B",11329819.0486458,0.445514898057761,"F11_FWB_mum_end_2018B","F11","DNBSEQ Transcriptome","F20FTSEUHT1199_ARCcdmE","F11_C11",NA,"F",NA,NA,"2018_2019","F11_2","F11_2","2","23-01-2019",54,36,NA,"blood","FWB","Mother"
"F14_FWB_mum_start_2018B",157.727683191835,-7.38807765429105,"F14_FWB_mum_start_2018B",14417162.0883602,0.638360934297909,"F14_FWB_mum_start_2018B","F14","DNBSEQ Transcriptome","F20FTSEUHT1199_ARCcdmE","F14_C14",NA,"F",NA,NA,"2018_2019","F14_1","F14_1","1","20-12-2018",20,0,NA,"blood","FWB","Mother"
"F14_FWB_mum_end_2018B",51.1317506484797,-34.2002002429538,"F14_FWB_mum_end_2018B",9304762.33350089,0.886617150747604,"F14_FWB_mum_end_2018B","F14","DNBSEQ Transcriptome","F20FTSEUHT1199_ARCcdmE","F14_C14",NA,"F",NA,NA,"2018_2019","F14_2","F14_2","2","07-02-2019",69,49,NA,"blood","FWB","Mother"
"F15_FWB_mum_start_2018B",37.6789158316259,50.0127970207594,"F15_FWB_mum_start_2018B",24410973.1237424,0.946955750741335,"F15_FWB_mum_start_2018B","F15","DNBSEQ Transcriptome","F20FTSEUHT1199_ARCcdmE","F15_C15",NA,"F",NA,NA,"2018_2019","F15_1","F15_1","1","20-12-2018",20,0,NA,"blood","FWB","Mother"
"F15_FWB_mum_end_2018B",8.33870282529977,-11.6323383378608,"F15_FWB_mum_end_2018B",10557335.5448502,1.0157069662983,"F15_FWB_mum_end_2018B","F15","DNBSEQ Transcriptome","F20FTSEUHT1199_ARCcdmE","F15_C15",NA,"F",NA,NA,"2018_2019","F15_2","F15_2","2","23-01-2019",54,34,NA,"blood","FWB","Mother"
"F16_FWB_mum_start_2018B",25.8766767103411,51.3486802836496,"F16_FWB_mum_start_2018B",26319169.899549,0.984521840891271,"F16_FWB_mum_start_2018B","F16","DNBSEQ Transcriptome","F20FTSEUHT1199_ARCutzE","F16_C16",NA,"F",NA,NA,"2018_2019","F16_1","F16_1","1","20-12-2018",20,0,NA,"blood","FWB","Mother"
"F16_FWB_mum_end_2018B",-31.6863085262099,26.6595670074998,"F16_FWB_mum_end_2018B",30823668.7690267,1.16922310177508,"F16_FWB_mum_end_2018B","F16","DNBSEQ Transcriptome","F20FTSEUHT1199_ARCcdmE","F16_C16",NA,"F",NA,NA,"2018_2019","F16_2","F16_2","2","29-01-2019",60,40,NA,"blood","FWB","Mother"
"F17_FWB_mum_start_2018B",-36.0119039673613,46.8111657788603,"F17_FWB_mum_start_2018B",20066171.5605619,1.07672325144172,"F17_FWB_mum_start_2018B","F17","DNBSEQ Transcriptome","F20FTSEUHT1199_ARCcdmE","F17_C17",NA,"F",NA,NA,"2018_2019","F17_1","F17_1","1","20-12-2018",20,0,NA,"blood","FWB","Mother"
"F17_FWB_mum_end_2018B",-35.3905273871918,-30.2543896715052,"F17_FWB_mum_end_2018B",24152892.4607507,1.23815951741318,"F17_FWB_mum_end_2018B","F17","DNBSEQ Transcriptome","F20FTSEUHT1199_ARCutzE","F17_C17",NA,"F",NA,NA,"2018_2019","F17_2","F17_2","2","11-02-2019",73,53,NA,"blood","FWB","Mother"
"F18_FWB_mum_start_2018B",31.8440183137968,72.3614954577873,"F18_FWB_mum_start_2018B",30222876.545303,0.945656416852217,"F18_FWB_mum_start_2018B","F18","DNBSEQ Transcriptome","F20FTSEUHT1199_ARCcdmE","F18_C18",NA,"F",NA,NA,"2018_2019","F18_1","F18_1","1","20-12-2018",20,0,NA,"blood","FWB","Mother"
"F18_FWB_mum_end_2018B",81.4015939303196,-32.3477736029106,"F18_FWB_mum_end_2018B",19976829.2117835,0.936833418545029,"F18_FWB_mum_end_2018B","F18","DNBSEQ Transcriptome","F20FTSEUHT1199_ARCokaE","F18_C18",NA,"F",NA,NA,"2018_2019","F18_2","F18_2","2","11-02-2019",73,53,NA,"blood","FWB","Mother"
"F19_FWB_mum_start_2018B",89.4294719739361,33.7845699326589,"F19_FWB_mum_start_2018B",19664020.2234149,0.884202831549528,"F19_FWB_mum_start_2018B","F19","DNBSEQ Transcriptome","F20FTSEUHT1199_ARCuueE","F19_C19",NA,"F",NA,NA,"2018_2019","F19_1","F19_1","1","20-12-2018",20,0,NA,"blood","FWB","Mother"
"F19_FWB_mum_end_2018B",32.8885215994926,-4.20966499375759,"F19_FWB_mum_end_2018B",16078942.2320745,0.941411684285582,"F19_FWB_mum_end_2018B","F19","DNBSEQ Transcriptome","F20FTSEUHT1199_ARCcdmE","F19_C19",NA,"F",NA,NA,"2018_2019","F19_2","F19_2","2","05-02-2019",67,47,NA,"blood","FWB","Mother"
"F21_FWB_mum_start_2018",21.9086463604737,98.3765385653287,"F21_FWB_mum_start_2018",12652314.6726667,0.714527257114444,"F21_FWB_mum_start_2018","F21","BGISEQ-500 Transcriptome","F20FTSEUHT0820_ARCbfrE","F21_C21",NA,"F",NA,NA,"2018_2019","F21_1","F21_1","1","21-12-2018",21,0,NA,"blood","FWB","Mother"
"F24_FWB_mum_end_2018B",58.4031418526958,-23.6569969024049,"F24_FWB_mum_end_2018B",27578841.891958,0.981976930020959,"F24_FWB_mum_end_2018B","F24","DNBSEQ Transcriptome","F20FTSEUHT1199_ARCcdmE","F24_C24",NA,"F",NA,NA,"2018_2019","F24_2","F24_2","2","17-02-2019",79,58,NA,"blood","FWB","Mother"
"F5_FWB_mum_start_2018B",-41.4385526667301,61.0055691606617,"F5_FWB_mum_start_2018B",28760731.8787802,1.11048935812797,"F5_FWB_mum_start_2018B","F5","DNBSEQ Transcriptome","F20FTSEUHT1199_ARCcdmE","F5_C5",NA,"F",NA,NA,"2018_2019","F5_1","F5_1","1","14-12-2018",14,0,NA,"blood","FWB","Mother"
"F5_FWB_mum_end_2018B",41.1597627635469,-65.4731796388805,"F5_FWB_mum_end_2018B",20448340.3348699,1.08485620960447,"F5_FWB_mum_end_2018B","F5","DNBSEQ Transcriptome","F20FTSEUHT1199_ARCcdmE","F5_C5",NA,"F",NA,NA,"2018_2019","F5_2","F5_2","2","09-02-2019",71,57,NA,"blood","FWB","Mother"
"F6_FWB_mum_end_2018B",7.68360599974381,-44.3078634110283,"F6_FWB_mum_end_2018B",16180421.7801833,1.00910224345996,"F6_FWB_mum_end_2018B","F6","DNBSEQ Transcriptome","F20FTSEUHT1199_ARCcdmE","F6_C6",NA,"F",NA,NA,"2018_2019","F6_2","F6_2","2","06-02-2019",68,53,NA,"blood","FWB","Mother"
"F7_FWB_mum_start_2018B",77.4974465060479,34.9263689482189,"F7_FWB_mum_start_2018B",18788535.6717226,0.845578475127815,"F7_FWB_mum_start_2018B","F7","DNBSEQ Transcriptome","F20FTSEUHT1199_ARCcdmE","F7_C7",NA,"F",NA,NA,"2018_2019","F7_1","F7_1","1","17-12-2018",17,0,NA,"blood","FWB","Mother"
"F7_FWB_mum_end_2018B",88.746708755945,-43.7237446278434,"F7_FWB_mum_end_2018B",10199956.2449847,0.876101026207363,"F7_FWB_mum_end_2018B","F7","DNBSEQ Transcriptome","F20FTSEUHT1199_ARCcdmE","F7_C7",NA,"F",NA,NA,"2018_2019","F7_2","F7_2","2","16-02-2019",78,61,NA,"blood","FWB","Mother"
"F8_FWB_mum_start_2018B",-17.3705024165138,92.8227610414229,"F8_FWB_mum_start_2018B",15562101.0644781,0.880359685017604,"F8_FWB_mum_start_2018B","F8","DNBSEQ Transcriptome","F20FTSEUHT1199_ARCcdmE","F8_C8",NA,"F",NA,NA,"2018_2019","F8_1","F8_1","1","17-12-2018",17,0,NA,"blood","FWB","Mother"
"F8_FWB_mum_end_2018B",-51.5392017131225,27.0434740322171,"F8_FWB_mum_end_2018B",23977680.4811295,1.24195876360187,"F8_FWB_mum_end_2018B","F8","DNBSEQ Transcriptome","F20FTSEUHT1199_ARCcdmE","F8_C8",NA,"F",NA,NA,"2018_2019","F8_2","F8_2","2","07-02-2019",69,52,NA,"blood","FWB","Mother"
"F9_FWB_mum_start_2018B",104.814121592692,27.2191663588198,"F9_FWB_mum_start_2018B",10572635.4108865,0.722002950141782,"F9_FWB_mum_start_2018B","F9","DNBSEQ Transcriptome","F20FTSEUHT1199_ARCutzE","F9_C9",NA,"F",NA,NA,"2018_2019","F9_1","F9_1","1","17-12-2018",17,0,NA,"blood","FWB","Mother"
"F9_FWB_mum_end_2018B",47.7944770719195,-56.3764823231812,"F9_FWB_mum_end_2018B",16488397.5727719,1.08161274112377,"F9_FWB_mum_end_2018B","F9","DNBSEQ Transcriptome","F20FTSEUHT1199_ARCutzE","F9_C9",NA,"F",NA,NA,"2018_2019","F9_2","F9_2","2","06-02-2019",68,51,NA,"blood","FWB","Mother"
"FWB10_FWB_mum_start_2019B",61.8271144258641,16.6397125449271,"FWB10_FWB_mum_start_2019B",13782131.4559794,0.744904185184114,"FWB10_FWB_mum_start_2019B","FWB10","DNBSEQ Transcriptome","F20FTSEUHT1199_ARCutzE","FWB10_N10",NA,"F",NA,NA,"2019_2020","FWB10_1","FWB10_1","1","11-12-2019",11,0,NA,"blood","FWB","Mother"
"FWB10_FWB_mum_end_2019B",-59.9630785963649,10.6642394591227,"FWB10_FWB_mum_end_2019B",18872430.1439169,1.10292946781201,"FWB10_FWB_mum_end_2019B","FWB10","DNBSEQ Transcriptome","F20FTSEUHT1199_ARCcdmE","FWB10_N10",NA,"F",NA,NA,"2019_2020","FWB10_2","FWB10_2","2","16-02-2020",78,67,NA,"blood","FWB","Mother"
"FWB12_FWB_mum_start_2019B",-6.44319225819272,24.2321614144857,"FWB12_FWB_mum_start_2019B",35474366.6888932,1.17170627400805,"FWB12_FWB_mum_start_2019B","FWB12","DNBSEQ Transcriptome","F20FTSEUHT1199_ARCokaE","FWB12_N12",NA,"F",NA,NA,"2019_2020","FWB12_1","FWB12_1","1","18-12-2019",18,0,NA,"blood","FWB","Mother"
"FWB12_FWB_mum_end_2019B",-63.9731785845776,7.52368558979506,"FWB12_FWB_mum_end_2019B",23041034.3687884,1.34080825944887,"FWB12_FWB_mum_end_2019B","FWB12","DNBSEQ Transcriptome","F20FTSEUHT1199_ARCcdmE","FWB12_N12",NA,"F",NA,NA,"2019_2020","FWB12_2","FWB12_2","2","19-02-2020",81,63,NA,"blood","FWB","Mother"
"FWB14_FWB_mum_start_2019B",64.0024538240976,-31.1561225091231,"FWB14_FWB_mum_start_2019B",16541159.4013545,0.970784100946739,"FWB14_FWB_mum_start_2019B","FWB14","DNBSEQ Transcriptome","F20FTSEUHT1199_ARCcdmE","FWB14_N14",NA,"F",NA,NA,"2019_2020","FWB14_1","FWB14_1","1","12-12-2019",12,0,NA,"blood","FWB","Mother"
"FWB14_FWB_mum_end_2019B",-81.9759616244853,-33.4457775751401,"FWB14_FWB_mum_end_2019B",27638684.6216724,1.4975356315646,"FWB14_FWB_mum_end_2019B","FWB14","DNBSEQ Transcriptome","F20FTSEUHT1199_ARCcdmE","FWB14_N14",NA,"F",NA,NA,"2019_2020","FWB14_2","FWB14_2","2","27-02-2020",89,77,NA,"blood","FWB","Mother"
"FWB15_FWB_mum_start_2019B",39.5343149212989,17.3874683077284,"FWB15_FWB_mum_start_2019B",16279594.3803995,0.956705001553327,"FWB15_FWB_mum_start_2019B","FWB15","DNBSEQ Transcriptome","F20FTSEUHT1199_ARCcdmE","FWB15_N15",NA,"F",NA,NA,"2019_2020","FWB15_1","FWB15_1","1","12-12-2019",12,0,NA,"blood","FWB","Mother"
"FWB15_FWB_mum_end_2019B",-28.4015755981442,-22.7007530890729,"FWB15_FWB_mum_end_2019B",15457436.5533368,1.185592276905,"FWB15_FWB_mum_end_2019B","FWB15","DNBSEQ Transcriptome","F20FTSEUHT1199_ARCcdmE","FWB15_N15",NA,"F",NA,NA,"2019_2020","FWB15_2","FWB15_2","2","17-02-2020",79,67,NA,"blood","FWB","Mother"
"FWB17_FWB_mum_start_2019B",24.609780860163,20.9605245559965,"FWB17_FWB_mum_start_2019B",14404004.9578114,0.992676145351124,"FWB17_FWB_mum_start_2019B","FWB17","DNBSEQ Transcriptome","F20FTSEUHT1199_ARCcdmE","FWB17_N17",NA,"F",NA,NA,"2019_2020","FWB17_1","FWB17_1","1","12-12-2019",12,0,NA,"blood","FWB","Mother"
"FWB17_FWB_mum_end_2019B",-18.7605323907009,-28.2739098434943,"FWB17_FWB_mum_end_2019B",19103770.8293202,1.21378379936677,"FWB17_FWB_mum_end_2019B","FWB17","DNBSEQ Transcriptome","F20FTSEUHT1199_ARCcdmE","FWB17_N17",NA,"F",NA,NA,"2019_2020","FWB17_2","FWB17_2","2","06-02-2020",68,56,NA,"blood","FWB","Mother"
"FWB19_FWB_mum_start_2019B",101.42810761755,23.438976446299,"FWB19_FWB_mum_start_2019B",14469441.1178931,0.711086116970324,"FWB19_FWB_mum_start_2019B","FWB19","DNBSEQ Transcriptome","F20FTSEUHT1199_ARCutzE","FWB19_N19",NA,"F",NA,NA,"2019_2020","FWB19_1","FWB19_1","1","18-12-2019",18,0,NA,"blood","FWB","Mother"
"FWB19_FWB_mum_end_2019B",1.45000605911606,-14.6024158093461,"FWB19_FWB_mum_end_2019B",13220430.4812782,0.806180670623175,"FWB19_FWB_mum_end_2019B","FWB19","DNBSEQ Transcriptome","F20FTSEUHT1199_ARCuueE","FWB19_N19",NA,"F",NA,NA,"2019_2020","FWB19_2","FWB19_2","2","19-02-2020",81,63,NA,"blood","FWB","Mother"
"FWB21_FWB_mum_start_2019B",36.1778625356585,13.5376325891443,"FWB21_FWB_mum_start_2019B",20861908.7927882,0.970800126006495,"FWB21_FWB_mum_start_2019B","FWB21","DNBSEQ Transcriptome","F20FTSEUHT1199_ARCcdmE","FWB21_N21",NA,"F",NA,NA,"2019_2020","FWB21_1","FWB21_1","1","20-12-2019",20,0,NA,"blood","FWB","Mother"
"FWB21_FWB_mum_end_2019B",-60.5598496386738,-19.6766146397721,"FWB21_FWB_mum_end_2019B",25578393.9358831,1.28055393235113,"FWB21_FWB_mum_end_2019B","FWB21","DNBSEQ Transcriptome","F20FTSEUHT1199_ARCuueE","FWB21_N21",NA,"F",NA,NA,"2019_2020","FWB21_2","FWB21_2","2","17-02-2020",79,59,NA,"blood","FWB","Mother"
"FWB22_FWB_mum_start_2019B",7.20145777874154,-31.5225471695783,"FWB22_FWB_mum_start_2019B",30468524.1053342,1.28780606040138,"FWB22_FWB_mum_start_2019B","FWB22","DNBSEQ Transcriptome","F20FTSEUHT1199_ARCcdmE","FWB22_N22",NA,"F",NA,NA,"2019_2020","FWB22_1","FWB22_1","1","20-12-2019",20,0,NA,"blood","FWB","Mother"
"FWB22_FWB_mum_end_2019B",-65.9657033826273,-14.1197587897405,"FWB22_FWB_mum_end_2019B",30879844.9662467,1.43164777576191,"FWB22_FWB_mum_end_2019B","FWB22","DNBSEQ Transcriptome","F20FTSEUHT1199_ARCcdmE","FWB22_N22",NA,"F",NA,NA,"2019_2020","FWB22_2","FWB22_2","2","22-02-2020",84,64,NA,"blood","FWB","Mother"
"FWB23_FWB_mum_start_2019B",65.5332385467113,50.1408846052295,"FWB23_FWB_mum_start_2019B",18220946.5592936,0.780442639280535,"FWB23_FWB_mum_start_2019B","FWB23","DNBSEQ Transcriptome","F20FTSEUHT1199_ARCcdmE","FWB23_N23",NA,"F",NA,NA,"2019_2020","FWB23_1","FWB23_1","1","20-12-2019",20,0,NA,"blood","FWB","Mother"
"FWB23_FWB_mum_end_2019B",23.2844399208195,17.2853095315372,"FWB23_FWB_mum_end_2019B",19009670.525758,0.905453054581223,"FWB23_FWB_mum_end_2019B","FWB23","DNBSEQ Transcriptome","F20FTSEUHT1199_ARCcdmE","FWB23_N23",NA,"F",NA,NA,"2019_2020","FWB23_2","FWB23_2","2","18-01-2020",49,29,NA,"blood","FWB","Mother"
"FWB24_FWB_mum_start_2019B",40.1949557425258,21.2549288866021,"FWB24_FWB_mum_start_2019B",17730293.2197826,0.936562866566231,"FWB24_FWB_mum_start_2019B","FWB24","DNBSEQ Transcriptome","F20FTSEUHT1199_ARCcdmE","FWB24_N24",NA,"F",NA,NA,"2019_2020","FWB24_1","FWB24_1","1","20-12-2019",20,0,NA,"blood","FWB","Mother"
"FWB24_FWB_mum_end_2019B",-5.56189723608649,-20.2381375302994,"FWB24_FWB_mum_end_2019B",10390390.3281542,0.986022174668582,"FWB24_FWB_mum_end_2019B","FWB24","DNBSEQ Transcriptome","F20FTSEUHT1199_ARCcdmE","FWB24_N24",NA,"F",NA,NA,"2019_2020","FWB24_2","FWB24_2","2","19-03-2020",110,90,NA,"blood","FWB","Mother"
"FWB4_FWB_mum_start_2019B",10.4221364776539,67.2823781405617,"FWB4_FWB_mum_start_2019B",25124332.2040078,0.867420534036558,"FWB4_FWB_mum_start_2019B","FWB4","DNBSEQ Transcriptome","F20FTSEUHT1199_ARCcdmE","FWB4_N4",NA,"F",NA,NA,"2019_2020","FWB4_1","FWB4_1","1","10-12-2019",10,0,NA,"blood","FWB","Mother"
"FWB4_FWB_mum_end_2019B",-57.4306530157955,-28.3854344695961,"FWB4_FWB_mum_end_2019B",21727264.2858198,1.26269258490804,"FWB4_FWB_mum_end_2019B","FWB4","DNBSEQ Transcriptome","F20FTSEUHT1199_ARCcdmE","FWB4_N4",NA,"F",NA,NA,"2019_2020","FWB4_2","FWB4_2","2","12-02-2020",74,64,NA,"blood","FWB","Mother"
"FWB5_FWB_mum_start_2019B",56.8258685147228,38.3641437831649,"FWB5_FWB_mum_start_2019B",10449447.1805864,0.664156803440835,"FWB5_FWB_mum_start_2019B","FWB5","DNBSEQ Transcriptome","F20FTSEUHT1199_ARCcdmE","FWB5_N5",NA,"F",NA,NA,"2019_2020","FWB5_1","FWB5_1","1","10-12-2019",10,0,NA,"blood","FWB","Mother"
"FWB5_FWB_mum_end_2019B",-10.1031283160294,-23.1601005271118,"FWB5_FWB_mum_end_2019B",9155273.10009729,0.910319467251432,"FWB5_FWB_mum_end_2019B","FWB5","DNBSEQ Transcriptome","F20FTSEUHT1199_ARCcdmE","FWB5_N5",NA,"F",NA,NA,"2019_2020","FWB5_2","FWB5_2","2","21-02-2020",83,73,NA,"blood","FWB","Mother"
"FWB6_FWB_mum_start_2019B",60.3756572233941,51.7229451486989,"FWB6_FWB_mum_start_2019B",13445786.1318546,0.840387368212289,"FWB6_FWB_mum_start_2019B","FWB6","DNBSEQ Transcriptome","F20FTSEUHT1199_ARCcdmE","FWB6_N6",NA,"F",NA,NA,"2019_2020","FWB6_1","FWB6_1","1","10-12-2019",10,0,NA,"blood","FWB","Mother"
"FWB6_FWB_mum_end_2019B",-15.5367772353063,30.7214564539723,"FWB6_FWB_mum_end_2019B",22399006.7888361,1.00512656132767,"FWB6_FWB_mum_end_2019B","FWB6","DNBSEQ Transcriptome","F20FTSEUHT1199_ARCcdmE","FWB6_N6",NA,"F",NA,NA,"2019_2020","FWB6_2","FWB6_2","2","10-02-2020",72,62,NA,"blood","FWB","Mother"
"FWB8_FWB_mum_start_2019B",4.04484775902949,64.1964717300572,"FWB8_FWB_mum_start_2019B",16142164.0312531,0.861010135314094,"FWB8_FWB_mum_start_2019B","FWB8","DNBSEQ Transcriptome","F20FTSEUHT1199_ARCcdmE","FWB8_N8",NA,"F",NA,NA,"2019_2020","FWB8_1","FWB8_1","1","10-12-2019",10,0,NA,"blood","FWB","Mother"
"FWB8_FWB_mum_end_2019B",-70.5499110913676,-11.5048559797309,"FWB8_FWB_mum_end_2019B",19184855.8162336,1.22581732049286,"FWB8_FWB_mum_end_2019B","FWB8","DNBSEQ Transcriptome","F20FTSEUHT1199_ARCcdmE","FWB8_N8",NA,"F",NA,NA,"2019_2020","FWB8_2","FWB8_2","2","17-02-2020",79,69,NA,"blood","FWB","Mother"
"H13_SSB_pup_start_2018B",-81.2629361399801,30.6645927151146,"H13_SSB_pup_start_2018B",28787092.6149385,1.36151661353353,"H13_SSB_pup_start_2018B","H13","DNBSEQ Transcriptome","F20FTSEUHT1199_ARCcdmE","S14_H13","S14","M","10-12-2018",NA,"2018_2019","H13_1","H13_1","1","12-12-2018",12,0,"2","blood","SSB","Pup"
"H13_SSB_pup_end_2018B",-16.2341714976429,-44.7264509344828,"H13_SSB_pup_end_2018B",19342071.6955811,1.10764497354913,"H13_SSB_pup_end_2018B","H13","DNBSEQ Transcriptome","F20FTSEUHT1199_ARCuueE","S14_H13","S14","M","10-12-2018",NA,"2018_2019","H13_2","H13_2","2","08-02-2019",70,58,"60","blood","SSB","Pup"
"H14_SSB_pup_start_2018B",28.7154429099151,-39.6334230472028,"H14_SSB_pup_start_2018B",14825123.2889703,0.831662058009371,"H14_SSB_pup_start_2018B","H14","DNBSEQ Transcriptome","F20FTSEUHT1199_ARCcdmE","S15_H14","S15","M","11-12-2018",NA,"2018_2019","H14_1","H14_1","1","13-12-2018",13,0,"2","blood","SSB","Pup"
"H14_SSB_pup_end_2018B",33.797644786932,-55.4589037378477,"H14_SSB_pup_end_2018B",9969738.76579793,0.711310128393704,"H14_SSB_pup_end_2018B","H14","DNBSEQ Transcriptome","F20FTSEUHT1199_ARCutzE","S15_H14","S15","M","11-12-2018",NA,"2018_2019","H14_2","H14_2","2","07-02-2019",69,56,"58","blood","SSB","Pup"
"H15_SSB_pup_end_2018",-68.0788624161094,-1.86927400525519,"H15_SSB_pup_end_2018",12040509.5504699,1.02286562968631,"H15_SSB_pup_end_2018","H15","BGISEQ-500 Transcriptome","F20FTSEUHT0820_ARCbfrE","S16_H15","S16","F","10-12-2018",NA,"2018_2019","H15_2","H15_2","2","07-02-2019",69,56,"59","blood","SSB","Pup"
"H16_SSB_pup_start_2018B",55.8686703370602,0.196078847753622,"H16_SSB_pup_start_2018B",22034604.5719049,0.892750852727195,"H16_SSB_pup_start_2018B","H16","DNBSEQ Transcriptome","F20FTSEUHT1199_ARCcdmE","S17_H16","S17","F","11-12-2018",NA,"2018_2019","H16_1","H16_1","1","14-12-2018",14,0,"3","blood","SSB","Pup"
"H16_SSB_pup_end_2018B",24.5348730988097,-59.6805822626593,"H16_SSB_pup_end_2018B",28498675.3189467,1.16501251905714,"H16_SSB_pup_end_2018B","H16","DNBSEQ Transcriptome","F20FTSEUHT1199_ARCuueE","S17_H16","S17","F","11-12-2018",NA,"2018_2019","H16_2","H16_2","2","16-02-2019",78,64,"67","blood","SSB","Pup"
"H17_SSB_pup_start_2018B",-38.7376766161872,18.4568052856164,"H17_SSB_pup_start_2018B",24169212.6396708,1.16042142721143,"H17_SSB_pup_start_2018B","H17","DNBSEQ Transcriptome","F20FTSEUHT1199_ARCcdmE","S18_H17","S18","F","12-12-2018",NA,"2018_2019","H17_1","H17_1","1","15-12-2018",15,0,"3","blood","SSB","Pup"
"H17_SSB_pup_end_2018B",-15.1394590246246,-58.7400361910769,"H17_SSB_pup_end_2018B",21479030.2300829,1.14959296842335,"H17_SSB_pup_end_2018B","H17","DNBSEQ Transcriptome","F20FTSEUHT1199_ARCokaE","S18_H17","S18","F","12-12-2018",NA,"2018_2019","H17_2","H17_2","2","12-02-2019",74,59,"62","blood","SSB","Pup"
"H18_SSB_pup_start_2018B",45.5871435423605,-0.66037123863629,"H18_SSB_pup_start_2018B",18043626.3558627,0.925664693854816,"H18_SSB_pup_start_2018B","H18","DNBSEQ Transcriptome","F20FTSEUHT1199_ARCcdmE","S19_H18","S19","M","14-12-2018",NA,"2018_2019","H18_1","H18_1","1","16-12-2018",16,0,"2","blood","SSB","Pup"
"H18_SSB_pup_end_2018B",-5.24068785139784,-57.4985126091888,"H18_SSB_pup_end_2018B",29812166.9836045,1.19566532895219,"H18_SSB_pup_end_2018B","H18","DNBSEQ Transcriptome","F20FTSEUHT1199_ARCcdmE","S19_H18","S19","M","14-12-2018",NA,"2018_2019","H18_2","H18_2","2","13-02-2019",75,59,"61","blood","SSB","Pup"
"H19_SSB_pup_start_2018B",23.9591447547452,-32.5451991674409,"H19_SSB_pup_start_2018B",7630472.19389991,0.746488588252112,"H19_SSB_pup_start_2018B","H19","DNBSEQ Transcriptome","F20FTSEUHT1199_ARCutzE","S20_H19","S20","F","14-12-2018",NA,"2018_2019","H19_1","H19_1","1","16-12-2018",16,0,"2","blood","SSB","Pup"
"H19_SSB_pup_end_2018B",32.8993575483279,-83.2307548888926,"H19_SSB_pup_end_2018B",8626595.59775121,0.889359929888447,"H19_SSB_pup_end_2018B","H19","DNBSEQ Transcriptome","F20FTSEUHT1199_ARCutzE","S20_H19","S20","F","14-12-2018",NA,"2018_2019","H19_2","H19_2","2","30-01-2019",61,45,"47","blood","SSB","Pup"
"H20_SSB_pup_start_2018B",1.15469171739525,49.7102116656376,"H20_SSB_pup_start_2018B",29834830.9699323,1.01927896394112,"H20_SSB_pup_start_2018B","H20","DNBSEQ Transcriptome","F20FTSEUHT1199_ARCcdmE","S21_H20","S21","M","20-12-2018",NA,"2018_2019","H20_1","H20_1","1","23-12-2018",23,0,"3","blood","SSB","Pup"
"H20_SSB_pup_end_2018B",7.20971963543375,-5.86543774941619,"H20_SSB_pup_end_2018B",7250610.16419634,0.897017971974905,"H20_SSB_pup_end_2018B","H20","DNBSEQ Transcriptome","F20FTSEUHT1199_ARCcdmE","S21_H20","S21","M","20-12-2018",NA,"2018_2019","H20_2","H20_2","2","15-02-2019",77,54,"57","blood","SSB","Pup"
"H22_SSB_pup_start_2018B",-63.8233783652652,-17.0715910357968,"H22_SSB_pup_start_2018B",30675712.2615798,1.42652940011025,"H22_SSB_pup_start_2018B","H22","DNBSEQ Transcriptome","F20FTSEUHT1199_ARCcdmE","S23_H22","S23","F","22-12-2018",NA,"2018_2019","H22_1","H22_1","1","25-12-2018",25,0,"3","blood","SSB","Pup"
"H22_SSB_pup_end_2018B",-65.5260999808861,-58.5948404193817,"H22_SSB_pup_end_2018B",21595250.6366214,1.31026665042772,"H22_SSB_pup_end_2018B","H22","DNBSEQ Transcriptome","F20FTSEUHT1199_ARCcdmE","S23_H22","S23","F","22-12-2018",NA,"2018_2019","H22_2","H22_2","2","11-02-2019",73,48,"51","blood","SSB","Pup"
"H3_SSB_pup_start_2018B",-34.4846320865466,-25.1770696160832,"H3_SSB_pup_start_2018B",27193173.1469721,1.36374641571214,"H3_SSB_pup_start_2018B","H3","DNBSEQ Transcriptome","F20FTSEUHT1199_ARCuueE","S2_H3","S2","F","03-12-2018",NA,"2018_2019","H3_1","H3_1","1","05-12-2018",5,0,"2","blood","SSB","Pup"
"H3_SSB_pup_end_2018B",2.99576387249252,-54.8807881287855,"H3_SSB_pup_end_2018B",14372375.1985794,1.07397557197963,"H3_SSB_pup_end_2018B","H3","DNBSEQ Transcriptome","F20FTSEUHT1199_ARCutzE","S2_H3","S2","F","03-12-2018",NA,"2018_2019","H3_2","H3_2","2","06-02-2019",68,63,"65","blood","SSB","Pup"
"H6_SSB_pup_start_2018B",-12.8545571386542,-21.5288536352814,"H6_SSB_pup_start_2018B",13494836.0403886,1.0365858196854,"H6_SSB_pup_start_2018B","H6","DNBSEQ Transcriptome","F20FTSEUHT1199_ARCcdmE","S6_H6","S6","M","04-12-2018",NA,"2018_2019","H6_1","H6_1","1","07-12-2018",7,0,"3","blood","SSB","Pup"
"H6_SSB_pup_end_2018B",-25.010478184006,-15.9365539849889,"H6_SSB_pup_end_2018B",9239781.25255956,0.974194486205485,"H6_SSB_pup_end_2018B","H6","DNBSEQ Transcriptome","F20FTSEUHT1199_ARCcdmE","S6_H6","S6","M","04-12-2018",NA,"2018_2019","H6_2","H6_2","2","03-02-2019",65,58,"61","blood","SSB","Pup"
"H7_SSB_pup_start_2018B",-3.4977335224285,-21.3341805034392,"H7_SSB_pup_start_2018B",18757948.4931562,0.777789565901981,"H7_SSB_pup_start_2018B","H7","DNBSEQ Transcriptome","F20FTSEUHT1199_ARCcdmE","S7_H7","S7","F","05-12-2018",NA,"2018_2019","H7_1","H7_1","1","08-12-2018",8,0,"3","blood","SSB","Pup"
"H7_SSB_pup_end_2018B",-53.473347421269,-80.1059835010696,"H7_SSB_pup_end_2018B",17363389.6189352,1.24903991326665,"H7_SSB_pup_end_2018B","H7","DNBSEQ Transcriptome","F20FTSEUHT1199_ARCcdmE","S7_H7","S7","F","05-12-2018",NA,"2018_2019","H7_2","H7_2","2","11-02-2019",73,65,"68","blood","SSB","Pup"
"H8_SSB_pup_start_2018B",-53.7864301353894,3.39391313148698,"H8_SSB_pup_start_2018B",29591988.8675563,1.39519713941839,"H8_SSB_pup_start_2018B","H8","DNBSEQ Transcriptome","F20FTSEUHT1199_ARCcdmE","S9_H8","S9","M","05-12-2018",NA,"2018_2019","H8_1","H8_1","1","09-12-2018",9,0,"4","blood","SSB","Pup"
"H8_SSB_pup_end_2018B",-17.7350042808385,2.4496419128575,"H8_SSB_pup_end_2018B",15728822.8045824,1.05878253516133,"H8_SSB_pup_end_2018B","H8","DNBSEQ Transcriptome","F20FTSEUHT1199_ARCcdmE","S9_H8","S9","M","05-12-2018",NA,"2018_2019","H8_2","H8_2","2","19-02-2019",81,72,"76","blood","SSB","Pup"
"N10_FWB_pup_start_2019B",8.50337229155018,-17.2114517746044,"N10_FWB_pup_start_2019B",9743238.47145479,0.451751695274007,"N10_FWB_pup_start_2019B","N10","DNBSEQ Transcriptome","F20FTSEUHT1199_ARCcdmE","FWB10_N10","FWB10","F",NA,NA,"2019_2020","N10_1","N10_1","1","11-12-2019",11,0,"2to5","blood","FWB","Pup"
"N10_FWB_pup_end_2019B",-44.1869193316427,-16.0580441889416,"N10_FWB_pup_end_2019B",14005137.7096068,0.929425275121371,"N10_FWB_pup_end_2019B","N10","DNBSEQ Transcriptome","F20FTSEUHT1199_ARCutzE","FWB10_N10","FWB10","F",NA,"not sure about delta days","2019_2020","N10_2","N10_2","2","16-02-2020",78,67,"70","blood","FWB","Pup"
"N12_FWB_pup_start_2019B",-52.616998033625,-26.6391197528856,"N12_FWB_pup_start_2019B",21208883.1716286,1.13628784379214,"N12_FWB_pup_start_2019B","N12","DNBSEQ Transcriptome","F20FTSEUHT1199_ARCcdmE","FWB12_N12","FWB12","F",NA,NA,"2019_2020","N12_1","N12_1","1","11-12-2019",11,0,"2to5","blood","FWB","Pup"
"N12_FWB_pup_end_2019B",-69.5366929708943,-27.951838895084,"N12_FWB_pup_end_2019B",13490332.4446391,1.18356127086983,"N12_FWB_pup_end_2019B","N12","DNBSEQ Transcriptome","F20FTSEUHT1199_ARCcdmE","FWB12_N12","FWB12","F",NA,"not sure about delta days","2019_2020","N12_2","N12_2","2","19-02-2020",81,70,"73","blood","FWB","Pup"
"N14_FWB_pup_start_2019B",-26.5189883160881,37.7803731204618,"N14_FWB_pup_start_2019B",24494099.2784866,0.993131386447398,"N14_FWB_pup_start_2019B","N14","DNBSEQ Transcriptome","F20FTSEUHT1199_ARCcdmE","FWB14_N14","FWB14","F",NA,NA,"2019_2020","N14_1","N14_1","1","12-12-2019",12,0,"2to5","blood","FWB","Pup"
"N14_FWB_pup_end_2019B",-47.963598602402,-24.4538450820349,"N14_FWB_pup_end_2019B",9486240.06704558,1.0264779226875,"N14_FWB_pup_end_2019B","N14","DNBSEQ Transcriptome","F20FTSEUHT1199_ARCcdmE","FWB14_N14","FWB14","F",NA,"not sure about delta days","2019_2020","N14_2","N14_2","2","27-02-2020",89,77,"80","blood","FWB","Pup"
"N15_FWB_pup_start_2019B",51.5981272824131,46.1737655093326,"N15_FWB_pup_start_2019B",9330357.65572243,0.642800446753161,"N15_FWB_pup_start_2019B","N15","DNBSEQ Transcriptome","F20FTSEUHT1199_ARCcdmE","FWB15_N15","FWB15","M",NA,NA,"2019_2020","N15_1","N15_1","1","12-12-2019",12,0,"2to5","blood","FWB","Pup"
"N15_FWB_pup_end_2019B",-54.7409142643528,9.65007644523438,"N15_FWB_pup_end_2019B",12996449.4045957,1.07057804687152,"N15_FWB_pup_end_2019B","N15","DNBSEQ Transcriptome","F20FTSEUHT1199_ARCcdmE","FWB15_N15","FWB15","M",NA,"not sure about delta days","2019_2020","N15_2","N15_2","2","17-02-2020",79,67,"70","blood","FWB","Pup"
"N17_FWB_pup_start_2019B",-20.7057655982433,23.1567649472342,"N17_FWB_pup_start_2019B",11912095.7467524,0.926284238679144,"N17_FWB_pup_start_2019B","N17","DNBSEQ Transcriptome","F20FTSEUHT1199_ARCcdmE","FWB17_N17","FWB17","M",NA,NA,"2019_2020","N17_1","N17_1","1","12-12-2019",12,0,"2to5","blood","FWB","Pup"
"N19_FWB_pup_start_2019B",-29.6010197186413,56.0725988712737,"N19_FWB_pup_start_2019B",34336802.9647899,1.10218818460702,"N19_FWB_pup_start_2019B","N19","DNBSEQ Transcriptome","F20FTSEUHT1199_ARCokaE","FWB19_N19","FWB19","F",NA,NA,"2019_2020","N19_1","N19_1","1","18-12-2019",18,0,"2to5","blood","FWB","Pup"
"N19_FWB_pup_end_2019B",-40.414634302592,-5.24796901849919,"N19_FWB_pup_end_2019B",18232889.1315212,1.13563349391769,"N19_FWB_pup_end_2019B","N19","DNBSEQ Transcriptome","F20FTSEUHT1199_ARCcdmE","FWB19_N19","FWB19","F",NA,"not sure about delta days","2019_2020","N19_2","N19_2","2","19-02-2020",81,63,"66","blood","FWB","Pup"
"N21_FWB_pup_start_2019B",4.04678082112583,-6.60839779676961,"N21_FWB_pup_start_2019B",24970819.4443043,1.08293967504372,"N21_FWB_pup_start_2019B","N21","DNBSEQ Transcriptome","F20FTSEUHT1199_ARCcdmE","FWB21_N21","FWB21","M",NA,NA,"2019_2020","N21_1","N21_1","1","20-12-2019",20,0,"2to5","blood","FWB","Pup"
"N22_FWB_pup_start_2019B",-37.8263099314453,-20.0502371685901,"N22_FWB_pup_start_2019B",11580486.0060818,0.933256524429654,"N22_FWB_pup_start_2019B","N22","DNBSEQ Transcriptome","F20FTSEUHT1199_ARCcdmE","FWB22_N22","FWB22","F",NA,NA,"2019_2020","N22_1","N22_1","1","20-12-2019",20,0,"2to5","blood","FWB","Pup"
"N22_FWB_pup_end_2019B",-49.5258012981974,1.8249925665253,"N22_FWB_pup_end_2019B",16611917.8257251,1.10908804193186,"N22_FWB_pup_end_2019B","N22","DNBSEQ Transcriptome","F20FTSEUHT1199_ARCcdmE","FWB22_N22","FWB22","F",NA,"not sure about delta days","2019_2020","N22_2","N22_2","2","22-02-2020",84,64,"67","blood","FWB","Pup"
"N24_FWB_pup_start_2019B",-52.2646587960848,52.8168961766799,"N24_FWB_pup_start_2019B",25394461.5437325,1.08709237892531,"N24_FWB_pup_start_2019B","N24","DNBSEQ Transcriptome","F20FTSEUHT1199_ARCcdmE","FWB24_N24","FWB24","M",NA,NA,"2019_2020","N24_1","N24_1","1","20-12-2019",20,0,"2to5","blood","FWB","Pup"
"N24_FWB_pup_end_2019B",-6.30476450659222,-22.4003727982813,"N24_FWB_pup_end_2019B",32167706.0652819,1.32040158654312,"N24_FWB_pup_end_2019B","N24","DNBSEQ Transcriptome","F20FTSEUHT1199_ARCcdmE","FWB24_N24","FWB24","M",NA,"not sure about delta days","2019_2020","N24_2","N24_2","2","19-03-2020",110,90,"93","blood","FWB","Pup"
"N4_FWB_pup_start_2019B",4.21908806935181,114.585967489104,"N4_FWB_pup_start_2019B",26748561.9163526,0.771781382673955,"N4_FWB_pup_start_2019B","N4","DNBSEQ Transcriptome","F20FTSEUHT1199_ARCcdmE","FWB4_N4","FWB4","M",NA,"not sure about age","2019_2020","N4_1","N4_1","1","10-12-2019",10,0,NA,"blood","FWB","Pup"
"N4_FWB_pup_end_2019B",-19.9517216120846,33.3522346811203,"N4_FWB_pup_end_2019B",9275391.98984996,0.667984959974709,"N4_FWB_pup_end_2019B","N4","DNBSEQ Transcriptome","F20FTSEUHT1199_ARCcdmE","FWB4_N4","FWB4","M",NA,"not sure about age","2019_2020","N4_2","N4_2","2","12-02-2020",74,64,"64","blood","FWB","Pup"
"N5_FWB_pup_start_2019B",-35.5513098810034,40.7821463811703,"N5_FWB_pup_start_2019B",32214756.9018401,1.26635082420349,"N5_FWB_pup_start_2019B","N5","DNBSEQ Transcriptome","F20FTSEUHT1199_ARCcdmE","FWB5_N5","FWB5","M",NA,NA,"2019_2020","N5_1","N5_1","1","10-12-2019",10,0,"2to5","blood","FWB","Pup"
"N5_FWB_pup_end_2019B",-76.7232675827245,-93.1743750000756,"N5_FWB_pup_end_2019B",32310974.8906821,1.57738909052431,"N5_FWB_pup_end_2019B","N5","DNBSEQ Transcriptome","F20FTSEUHT1199_ARCcdmE","FWB5_N5","FWB5","M",NA,"not sure about delta days","2019_2020","N5_2","N5_2","2","21-02-2020",83,73,"76","blood","FWB","Pup"
"N6_FWB_pup_start_2019B",-11.3714546065733,65.4578606860169,"N6_FWB_pup_start_2019B",12389457.2559552,0.780214497292959,"N6_FWB_pup_start_2019B","N6","DNBSEQ Transcriptome","F20FTSEUHT1199_ARCcdmE","FWB6_N6","FWB6","M",NA,NA,"2019_2020","N6_1","N6_1","1","10-12-2019",10,0,"2to5","blood","FWB","Pup"
"N6_FWB_pup_end_2019B",-66.8127037809281,-22.6829308301176,"N6_FWB_pup_end_2019B",31947787.5027104,1.39391354259831,"N6_FWB_pup_end_2019B","N6","DNBSEQ Transcriptome","F20FTSEUHT1199_ARCcdmE","FWB6_N6","FWB6","M",NA,"not sure about delta days","2019_2020","N6_2","N6_2","2","10-02-2020",72,62,"65","blood","FWB","Pup"
"N8_FWB_pup_start_2019B",-52.9542859936673,27.9085463298909,"N8_FWB_pup_start_2019B",31118252.335056,1.20967928665723,"N8_FWB_pup_start_2019B","N8","DNBSEQ Transcriptome","F20FTSEUHT1199_ARCcdmE","FWB8_N8","FWB8","M",NA,NA,"2019_2020","N8_1","N8_1","1","10-12-2019",10,0,"2to5","blood","FWB","Pup"
"N8_FWB_pup_end_2019B",-82.1175263298092,-5.63039043478844,"N8_FWB_pup_end_2019B",20680622.6655157,1.30370228831889,"N8_FWB_pup_end_2019B","N8","DNBSEQ Transcriptome","F20FTSEUHT1199_ARCcdmE","FWB8_N8","FWB8","M",NA,"not sure about delta days","2019_2020","N8_2","N8_2","2","17-02-2020",79,69,"72","blood","FWB","Pup"
"S14_SSB_mum_start_2018B",174.120939614895,-5.06591722305275,"S14_SSB_mum_start_2018B",5205570.09636317,0.45857364539356,"S14_SSB_mum_start_2018B","S14","DNBSEQ Transcriptome","F20FTSEUHT1199_ARCcdmE","S14_H13",NA,"F",NA,NA,"2018_2019","S14_1","S14_1","1","12-12-2018",12,0,NA,"blood","SSB","Mother"
"S14_SSB_mum_end_2018B",89.313669122135,-70.3694132845304,"S14_SSB_mum_end_2018B",17612132.8856861,0.987761173318774,"S14_SSB_mum_end_2018B","S14","DNBSEQ Transcriptome","F20FTSEUHT1199_ARCcdmE","S14_H13",NA,"F",NA,NA,"2018_2019","S14_2","S14_2","2","08-02-2019",70,58,NA,"blood","SSB","Mother"
"S15_SSB_mum_start_2018B",104.581379944365,-27.1686385608074,"S15_SSB_mum_start_2018B",24210363.9143589,0.853258141415041,"S15_SSB_mum_start_2018B","S15","DNBSEQ Transcriptome","F20FTSEUHT1199_ARCokaE","S15_H14",NA,"F",NA,NA,"2018_2019","S15_1","S15_1","1","13-12-2018",13,0,NA,"blood","SSB","Mother"
"S15_SSB_mum_end_2018B",130.410513424119,-83.4667381085063,"S15_SSB_mum_end_2018B",3848876.77564036,0.735061646261575,"S15_SSB_mum_end_2018B","S15","DNBSEQ Transcriptome","F20FTSEUHT1199_ARCcdmE","S15_H14",NA,"F",NA,NA,"2018_2019","S15_2","S15_2","2","07-02-2019",69,56,NA,"blood","SSB","Mother"
"S16_SSB_mum_end_2018",-26.5912780578666,-34.5976965667997,"S16_SSB_mum_end_2018",11833407.2195809,0.998862178055855,"S16_SSB_mum_end_2018","S16","BGISEQ-500 Transcriptome","F20FTSEUHT0820_ARCbfrE","S16_H15",NA,"F",NA,NA,"2018_2019","S16_2","S16_2","2","07-02-2019",69,NA,NA,"blood","SSB","Mother"
"S17_SSB_mum_start_2018B",101.182512310747,20.7515204677937,"S17_SSB_mum_start_2018B",12345055.5151831,0.749469876431516,"S17_SSB_mum_start_2018B","S17","DNBSEQ Transcriptome","F20FTSEUHT1199_ARCuueE","S17_H16",NA,"F",NA,NA,"2018_2019","S17_1","S17_1","1","14-12-2018",14,0,NA,"blood","SSB","Mother"
"S17_SSB_mum_end_2018B",44.6814791548374,-63.1115573291717,"S17_SSB_mum_end_2018B",14840246.8611064,0.950640686418433,"S17_SSB_mum_end_2018B","S17","DNBSEQ Transcriptome","F20FTSEUHT1199_ARCcdmE","S17_H16",NA,"F",NA,NA,"2018_2019","S17_2","S17_2","2","15-02-2019",77,63,NA,"blood","SSB","Mother"
"S18_SSB_mum_start_2018B",101.642537135076,18.6482073366281,"S18_SSB_mum_start_2018B",10260240.0128349,0.785603734233778,"S18_SSB_mum_start_2018B","S18","DNBSEQ Transcriptome","F20FTSEUHT1199_ARCcdmE","S18_H17",NA,"F",NA,NA,"2018_2019","S18_1","S18_1","1","15-12-2018",15,0,NA,"blood","SSB","Mother"
"S18_SSB_mum_end_2018B",38.8011642339827,-21.8521305231649,"S18_SSB_mum_end_2018B",15358226.7584259,0.993574082658477,"S18_SSB_mum_end_2018B","S18","DNBSEQ Transcriptome","F20FTSEUHT1199_ARCcdmE","S18_H17",NA,"F",NA,NA,"2018_2019","S18_2","S18_2","2","12-02-2019",74,59,NA,"blood","SSB","Mother"
"S19_SSB_mum_start_2018B",132.929040903388,-58.5417818685421,"S19_SSB_mum_start_2018B",6415211.99204615,0.617377737411255,"S19_SSB_mum_start_2018B","S19","DNBSEQ Transcriptome","F20FTSEUHT1199_ARCcdmE","S19_H18",NA,"F",NA,NA,"2018_2019","S19_1","S19_1","1","16-12-2018",16,0,NA,"blood","SSB","Mother"
"S19_SSB_mum_end_2018B",59.0105859140717,-80.0045101364864,"S19_SSB_mum_end_2018B",9614552.13418242,0.574434348779787,"S19_SSB_mum_end_2018B","S19","DNBSEQ Transcriptome","F20FTSEUHT1199_ARCcdmE","S19_H18",NA,"F",NA,NA,"2018_2019","S19_2","S19_2","2","13-02-2019",75,59,NA,"blood","SSB","Mother"
"S2_SSB_mum_start_2018B",76.1189778613579,-1.66235145725787,"S2_SSB_mum_start_2018B",14747063.210964,0.815156884893603,"S2_SSB_mum_start_2018B","S2","DNBSEQ Transcriptome","F20FTSEUHT1199_ARCcdmE","S2_H3",NA,"F",NA,NA,"2018_2019","S2_1","S2_1","1","05-12-2018",5,0,NA,"blood","SSB","Mother"
"S2_SSB_mum_end_2018B",37.1687197899999,-23.7614521504854,"S2_SSB_mum_end_2018B",9868533.15072408,0.686167500942598,"S2_SSB_mum_end_2018B","S2","DNBSEQ Transcriptome","F20FTSEUHT1199_ARCcdmE","S2_H3",NA,"F",NA,NA,"2018_2019","S2_2","S2_2","2","06-02-2019",68,63,NA,"blood","SSB","Mother"
"S20_SSB_mum_start_2018B",-13.3466140981817,21.560315782926,"S20_SSB_mum_start_2018B",29223160.2478318,1.20129206217457,"S20_SSB_mum_start_2018B","S20","DNBSEQ Transcriptome","F20FTSEUHT1199_ARCuueE","S20_H19",NA,"F",NA,NA,"2018_2019","S20_1","S20_1","1","16-12-2018",16,0,NA,"blood","SSB","Mother"
"S20_SSB_mum_end_2018B",51.9416025020425,-15.7720920088969,"S20_SSB_mum_end_2018B",10493867.8247485,0.732184370200253,"S20_SSB_mum_end_2018B","S20","DNBSEQ Transcriptome","F20FTSEUHT1199_ARCcdmE","S20_H19",NA,"F",NA,NA,"2018_2019","S20_2","S20_2","2","30-01-2019",61,45,NA,"blood","SSB","Mother"
"S21_SSB_mum_start_2018B",69.9802089042721,48.5757288561461,"S21_SSB_mum_start_2018B",28598677.4851512,0.87659741714416,"S21_SSB_mum_start_2018B","S21","DNBSEQ Transcriptome","F20FTSEUHT1199_ARCcdmE","S21_H20",NA,"F",NA,NA,"2018_2019","S21_1","S21_1","1","23-12-2018",23,0,NA,"blood","SSB","Mother"
"S21_SSB_mum_end_2018B",-57.7179417871697,7.46707888720767,"S21_SSB_mum_end_2018B",24249743.5303919,1.26648139064231,"S21_SSB_mum_end_2018B","S21","DNBSEQ Transcriptome","F20FTSEUHT1199_ARCuueE","S21_H20",NA,"F",NA,NA,"2018_2019","S21_2","S21_2","2","15-02-2019",77,54,NA,"blood","SSB","Mother"
"S23_SSB_mum_start_2018B",-50.8008245918409,96.1818424818328,"S23_SSB_mum_start_2018B",24277254.0493467,1.0650299594144,"S23_SSB_mum_start_2018B","S23","DNBSEQ Transcriptome","F20FTSEUHT1199_ARCcdmE","S23_H22",NA,"F",NA,NA,"2018_2019","S23_1","S23_1","1","25-12-2018",25,0,NA,"blood","SSB","Mother"
"S23_SSB_mum_end_2018B",-40.025119299175,-8.91661476513911,"S23_SSB_mum_end_2018B",21209993.4607415,1.19221478596238,"S23_SSB_mum_end_2018B","S23","DNBSEQ Transcriptome","F20FTSEUHT1199_ARCcdmE","S23_H22",NA,"F",NA,NA,"2018_2019","S23_2","S23_2","2","11-02-2019",73,48,NA,"blood","SSB","Mother"
"S6_SSB_mum_start_2018B",91.8753199175803,92.7339022586709,"S6_SSB_mum_start_2018B",29494950.526051,0.815396856360446,"S6_SSB_mum_start_2018B","S6","DNBSEQ Transcriptome","F20FTSEUHT1199_ARCcdmE","S6_H6",NA,"F",NA,NA,"2018_2019","S6_1","S6_1","1","07-12-2018",7,0,NA,"blood","SSB","Mother"
"S6_SSB_mum_end_2018B",34.7124693067083,0.426438138276402,"S6_SSB_mum_end_2018B",24780434.7328769,1.1336322474445,"S6_SSB_mum_end_2018B","S6","DNBSEQ Transcriptome","F20FTSEUHT1199_ARCutzE","S6_H6",NA,"F",NA,NA,"2018_2019","S6_2","S6_2","2","03-02-2019",65,58,NA,"blood","SSB","Mother"
"S7_SSB_mum_start_2018B",122.85105169965,-17.7663154046665,"S7_SSB_mum_start_2018B",8221917.16502391,0.694279014936985,"S7_SSB_mum_start_2018B","S7","DNBSEQ Transcriptome","F20FTSEUHT1199_ARCcdmE","S7_H7",NA,"F",NA,NA,"2018_2019","S7_1","S7_1","1","08-12-2018",8,0,NA,"blood","SSB","Mother"
"S7_SSB_mum_end_2018B",-34.9341828276,-29.3373004442646,"S7_SSB_mum_end_2018B",26343785.5572147,1.20821942452123,"S7_SSB_mum_end_2018B","S7","DNBSEQ Transcriptome","F20FTSEUHT1199_ARCcdmE","S7_H7",NA,"F",NA,NA,"2018_2019","S7_2","S7_2","2","11-02-2019",73,65,NA,"blood","SSB","Mother"
"S9_SSB_mum_start_2018B",116.878972951907,-5.17833187518768,"S9_SSB_mum_start_2018B",21997123.4685153,0.809432509705715,"S9_SSB_mum_start_2018B","S9","DNBSEQ Transcriptome","F20FTSEUHT1199_ARCcdmE","S9_H8",NA,"F",NA,NA,"2018_2019","S9_1","S9_1","1","09-12-2018",9,0,NA,"blood","SSB","Mother"
"S9_SSB_mum_end_2018B",-60.0895947186826,1.05316442362819,"S9_SSB_mum_end_2018B",29555894.8337753,1.38290755565067,"S9_SSB_mum_end_2018B","S9","DNBSEQ Transcriptome","F20FTSEUHT1199_ARCcdmE","S9_H8",NA,"F",NA,NA,"2018_2019","S9_2","S9_2","2","19-02-2019",81,72,NA,"blood","SSB","Mother"
"SSB15_SSB_mum_start_2019B",66.0388113593335,28.2355873061922,"SSB15_SSB_mum_start_2019B",7605037.47210401,0.683510035974979,"SSB15_SSB_mum_start_2019B","SSB15","DNBSEQ Transcriptome","F20FTSEUHT1199_ARCcdmE","SSB15_T15",NA,"F",NA,NA,"2019_2020","SSB15_1","SSB15_1","1","11-12-2019",11,0,NA,"blood","SSB","Mother"
"SSB15_SSB_mum_end_2019B",-43.9135804992995,-13.3271712846339,"SSB15_SSB_mum_end_2019B",11931122.7537231,1.10778355734433,"SSB15_SSB_mum_end_2019B","SSB15","DNBSEQ Transcriptome","F20FTSEUHT1199_ARCcdmE","SSB15_T15",NA,"F",NA,NA,"2019_2020","SSB15_2","SSB15_2","2","10-02-2020",72,61,NA,"blood","SSB","Mother"
"SSB16_SSB_mum_start_2019B",55.7884381442904,83.3974491136186,"SSB16_SSB_mum_start_2019B",19110332.9833786,0.762403953460891,"SSB16_SSB_mum_start_2019B","SSB16","DNBSEQ Transcriptome","F20FTSEUHT1199_ARCutzE","SSB16_T16",NA,"F",NA,NA,"2019_2020","SSB16_1","SSB16_1","1","16-12-2019",16,0,NA,"blood","SSB","Mother"
"SSB16_SSB_mum_end_2019B",-58.1488218215871,-5.92882450857168,"SSB16_SSB_mum_end_2019B",18812288.6478354,1.303434361766,"SSB16_SSB_mum_end_2019B","SSB16","DNBSEQ Transcriptome","F20FTSEUHT1199_ARCcdmE","SSB16_T16",NA,"F",NA,NA,"2019_2020","SSB16_2","SSB16_2","2","23-02-2020",85,69,NA,"blood","SSB","Mother"
"SSB2_SSB_mum_start_2019B",13.6351079744929,62.6955282487011,"SSB2_SSB_mum_start_2019B",12808913.624956,0.907728985872297,"SSB2_SSB_mum_start_2019B","SSB2","DNBSEQ Transcriptome","F20FTSEUHT1199_ARCcdmE","SSB2_T2",NA,"F",NA,NA,"2019_2020","SSB2_1","SSB2_1","1","02-12-2019",2,0,NA,"blood","SSB","Mother"
"SSB2_SSB_mum_end_2019B",-47.1225702361346,6.02763054864287,"SSB2_SSB_mum_end_2019B",21127160.9629034,1.30416976927215,"SSB2_SSB_mum_end_2019B","SSB2","DNBSEQ Transcriptome","F20FTSEUHT1199_ARCcdmE","SSB2_T2",NA,"F",NA,NA,"2019_2020","SSB2_2","SSB2_2","2","04-02-2020",66,64,NA,"blood","SSB","Mother"
"SSB20_SSB_mum_start_2019B",87.0302668017332,49.209226666718,"SSB20_SSB_mum_start_2019B",13011752.9465809,0.797847471145675,"SSB20_SSB_mum_start_2019B","SSB20","DNBSEQ Transcriptome","F20FTSEUHT1199_ARCcdmE","SSB20_T20",NA,"F",NA,NA,"2019_2020","SSB20_1","SSB20_1","1","21-12-2019",21,0,NA,"blood","SSB","Mother"
"SSB20_SSB_mum_end_2019B",-18.9149679547201,15.8487335460849,"SSB20_SSB_mum_end_2019B",17415912.4516898,1.03823248019892,"SSB20_SSB_mum_end_2019B","SSB20","DNBSEQ Transcriptome","F20FTSEUHT1199_ARCutzE","SSB20_T20",NA,"F",NA,NA,"2019_2020","SSB20_2","SSB20_2","2","03-03-2020",94,73,NA,"blood","SSB","Mother"
"SSB21_SSB_mum_start_2019B",29.3677629255379,35.317020836755,"SSB21_SSB_mum_start_2019B",16789241.6751728,0.916510092138287,"SSB21_SSB_mum_start_2019B","SSB21","DNBSEQ Transcriptome","F20FTSEUHT1199_ARCcdmE","SSB21_T21",NA,"F",NA,NA,"2019_2020","SSB21_1","SSB21_1","1","21-12-2019",21,0,NA,"blood","SSB","Mother"
"SSB21_SSB_mum_end_2019B",31.0414566696764,-24.6272125872241,"SSB21_SSB_mum_end_2019B",16640795.9665386,0.9583527793487,"SSB21_SSB_mum_end_2019B","SSB21","DNBSEQ Transcriptome","F20FTSEUHT1199_ARCcdmE","SSB21_T21",NA,"F",NA,NA,"2019_2020","SSB21_2","SSB21_2","2","27-01-2020",58,NA,NA,"blood","SSB","Mother"
"SSB6_SSB_mum_start_2019B",-15.3893331507012,71.5710124364583,"SSB6_SSB_mum_start_2019B",26182095.8637528,0.964548114765799,"SSB6_SSB_mum_start_2019B","SSB6","DNBSEQ Transcriptome","F20FTSEUHT1199_ARCcdmE","SSB6_T6",NA,"F",NA,NA,"2019_2020","SSB6_1","SSB6_1","1","04-12-2019",4,0,NA,"blood","SSB","Mother"
"SSB6_SSB_mum_end_2019B",-14.5151713089031,-6.1288163345777,"SSB6_SSB_mum_end_2019B",19935891.5779678,1.13682642554066,"SSB6_SSB_mum_end_2019B","SSB6","DNBSEQ Transcriptome","F20FTSEUHT1199_ARCcdmE","SSB6_T6",NA,"F",NA,NA,"2019_2020","SSB6_2","SSB6_2","2","27-02-2020",89,85,NA,"blood","SSB","Mother"
"SSB7_SSB_mum_start_2019B",-24.3294387776495,64.1374036126919,"SSB7_SSB_mum_start_2019B",26851199.2605079,1.06424344348885,"SSB7_SSB_mum_start_2019B","SSB7","DNBSEQ Transcriptome","F20FTSEUHT1199_ARCutzE","SSB7_T7",NA,"F",NA,NA,"2019_2020","SSB7_1","SSB7_1","1","05-12-2019",5,0,NA,"blood","SSB","Mother"
"SSB7_SSB_mum_end_2019B",-41.3209838214432,-16.6159152945389,"SSB7_SSB_mum_end_2019B",25157260.1779251,1.32895326167528,"SSB7_SSB_mum_end_2019B","SSB7","DNBSEQ Transcriptome","F20FTSEUHT1199_ARCcdmE","SSB7_T7",NA,"F",NA,NA,"2019_2020","SSB7_2","SSB7_2","2","06-02-2020",68,63,NA,"blood","SSB","Mother"
"SSB9_SSB_mum_start_2019B",-18.6337670677754,46.9839415362256,"SSB9_SSB_mum_start_2019B",18622596.7450864,1.03777227327945,"SSB9_SSB_mum_start_2019B","SSB9","DNBSEQ Transcriptome","F20FTSEUHT1199_ARCcdmE","SSB9_T9",NA,"F",NA,NA,"2019_2020","SSB9_1","SSB9_1","1","06-12-2019",6,0,NA,"blood","SSB","Mother"
"SSB9_SSB_mum_end_2019B",-28.0617369694625,-49.8997412955317,"SSB9_SSB_mum_end_2019B",22283029.3182377,1.32832172411151,"SSB9_SSB_mum_end_2019B","SSB9","DNBSEQ Transcriptome","F20FTSEUHT1199_ARCcdmE","SSB9_T9",NA,"F",NA,NA,"2019_2020","SSB9_2","SSB9_2","2","04-03-2020",95,89,NA,"blood","SSB","Mother"
"T15_SSB_pup_start_2019B",14.2302762819245,53.7732766355094,"T15_SSB_pup_start_2019B",32574664.9308478,1.01896723428503,"T15_SSB_pup_start_2019B","T15","DNBSEQ Transcriptome","F20FTSEUHT1199_ARCcdmE","SSB15_T15","SSB15","F","08-12-2019",NA,"2019_2020","T15_1","T15_1","1","11-12-2019",11,0,"3","blood","SSB","Pup"
"T15_SSB_pup_end_2019B",-37.361004514706,-26.3333260806554,"T15_SSB_pup_end_2019B",13709522.9449307,1.01001528731115,"T15_SSB_pup_end_2019B","T15","DNBSEQ Transcriptome","F20FTSEUHT1199_ARCokaE","SSB15_T15","SSB15","F","08-12-2019",NA,"2019_2020","T15_2","T15_2","2","10-02-2020",72,61,"64","blood","SSB","Pup"
"T16_SSB_pup_start_2019B",12.1976255621734,25.1747747262856,"T16_SSB_pup_start_2019B",12625450.256994,0.84035225902751,"T16_SSB_pup_start_2019B","T16","DNBSEQ Transcriptome","F20FTSEUHT1199_ARCcdmE","SSB16_T16","SSB16","M","12-12-2019",NA,"2019_2020","T16_1","T16_1","1","16-12-2019",16,0,"4","blood","SSB","Pup"
"T16_SSB_pup_end_2019B",-55.8071767359914,-27.035633511265,"T16_SSB_pup_end_2019B",12943845.9777675,1.0381484760659,"T16_SSB_pup_end_2019B","T16","DNBSEQ Transcriptome","F20FTSEUHT1199_ARCcdmE","SSB16_T16","SSB16","M","12-12-2019",NA,"2019_2020","T16_2","T16_2","2","23-02-2020",85,69,"73","blood","SSB","Pup"
"T2_SSB_pup_start_2019B",-9.65611179779076,26.7995328756613,"T2_SSB_pup_start_2019B",28694461.170441,1.12165289963265,"T2_SSB_pup_start_2019B","T2","DNBSEQ Transcriptome","F20FTSEUHT1199_ARCutzE","SSB2_T2","SSB2","F","28-11-2019",NA,"2019_2020","T2_1","T2_1","1","02-12-2019",2,0,"4","blood","SSB","Pup"
"T2_SSB_pup_end_2019B",-44.0033345445612,4.10237447396403,"T2_SSB_pup_end_2019B",10712111.0024735,0.990236730181942,"T2_SSB_pup_end_2019B","T2","DNBSEQ Transcriptome","F20FTSEUHT1199_ARCcdmE","SSB2_T2","SSB2","F","28-11-2019",NA,"2019_2020","T2_2","T2_2","2","04-02-2020",66,64,"68","blood","SSB","Pup"
"T20_SSB_pup_end_2019B",-61.6259484966968,0.0212651746055632,"T20_SSB_pup_end_2019B",28103409.5109173,1.31295424100702,"T20_SSB_pup_end_2019B","T20","DNBSEQ Transcriptome","F20FTSEUHT1199_ARCcdmE","SSB20_T20","SSB20","M","18-12-2019",NA,"2019_2020","T20_2","T20_2","2","03-03-2020",94,73,"76","blood","SSB","Pup"
"T21_SSB_pup_start_2019B",-17.2941955705118,28.3775207745954,"T21_SSB_pup_start_2019B",19826213.7166138,1.01971706262165,"T21_SSB_pup_start_2019B","T21","DNBSEQ Transcriptome","F20FTSEUHT1199_ARCutzE","SSB21_T21","SSB21",NA,NA,"this pup is not in the epi study so I might not have all info","2019_2020","T21_1","T21_1","1","21-12-2019",21,0,"2to5","blood","SSB","Pup"
"T6_SSB_pup_start_2019B",-54.7247869041483,39.3798417496526,"T6_SSB_pup_start_2019B",32183801.4131941,1.14907836063896,"T6_SSB_pup_start_2019B","T6","DNBSEQ Transcriptome","F20FTSEUHT1199_ARCcdmE","SSB6_T6","SSB6","F","30-11-2019",NA,"2019_2020","T6_1","T6_1","1","04-12-2019",4,0,"4","blood","SSB","Pup"
"T6_SSB_pup_end_2019B",-36.1511917173491,-36.8780077219754,"T6_SSB_pup_end_2019B",32191606.1878461,1.40042566458507,"T6_SSB_pup_end_2019B","T6","DNBSEQ Transcriptome","F20FTSEUHT1199_ARCcdmE","SSB6_T6","SSB6","F","30-11-2019",NA,"2019_2020","T6_2","T6_2","2","27-02-2020",89,85,"89","blood","SSB","Pup"
"T7_SSB_pup_start_2019B",8.47496484950909,-15.8357817027426,"T7_SSB_pup_start_2019B",10905276.6130243,0.842896074169668,"T7_SSB_pup_start_2019B","T7","DNBSEQ Transcriptome","F20FTSEUHT1199_ARCcdmE","SSB7_T7","SSB7","F","30-11-2019",NA,"2019_2020","T7_1","T7_1","1","05-12-2019",5,0,"5","blood","SSB","Pup"
"T7_SSB_pup_end_2019B",-56.0047406524447,-10.4274913448992,"T7_SSB_pup_end_2019B",18307563.0738233,1.19380273736432,"T7_SSB_pup_end_2019B","T7","DNBSEQ Transcriptome","F20FTSEUHT1199_ARCcdmE","SSB7_T7","SSB7","F","30-11-2019",NA,"2019_2020","T7_2","T7_2","2","06-02-2020",68,63,"68","blood","SSB","Pup"
"T8_SSB_pup_start_2019B",-29.5860145727326,4.43043308773583,"T8_SSB_pup_start_2019B",19528043.7340773,1.15357113134575,"T8_SSB_pup_start_2019B","T8","DNBSEQ Transcriptome","F20FTSEUHT1199_ARCcdmE","SSB8_T8","SSB8","M","02-12-2019",NA,"2019_2020","T8_1","T8_1","1","05-12-2019",5,0,"3","blood","SSB","Pup"
"T8_SSB_pup_end_2019B",-75.4760786520339,-14.0415296407478,"T8_SSB_pup_end_2019B",18085971.1769225,1.32858873681295,"T8_SSB_pup_end_2019B","T8","DNBSEQ Transcriptome","F20FTSEUHT1199_ARCcdmE","SSB8_T8","SSB8","M","02-12-2019",NA,"2019_2020","T8_2","T8_2","2","18-02-2020",80,75,"78","blood","SSB","Pup"
"T9_SSB_pup_start_2019B",0.907891377810684,24.857128614139,"T9_SSB_pup_start_2019B",23396692.5767092,0.889013175146501,"T9_SSB_pup_start_2019B","T9","DNBSEQ Transcriptome","F20FTSEUHT1199_ARCcdmE","SSB9_T9","SSB9","F","02-12-2019",NA,"2019_2020","T9_1","T9_1","1","06-12-2019",6,0,"4","blood","SSB","Pup"
"T9_SSB_pup_end_2019B",-85.829891873319,-48.706458414251,"T9_SSB_pup_end_2019B",30937772.0378406,1.56679711897955,"T9_SSB_pup_end_2019B","T9","DNBSEQ Transcriptome","F20FTSEUHT1199_ARCcdmE","SSB9_T9","SSB9","F","02-12-2019",NA,"2019_2020","T9_2","T9_2","2","04-03-2020",95,89,"93","blood","SSB","Pup"
